rowIndex,Symbol [issueSymbolIdentifier],Issuer Name [issuerName],Date [tradeExecutionDate],reportedTradeVolume,Price [lastSalePrice],Yield [lastSaleYield],Time [tradeExecutionTime],Modifier [tradeModifierCode],2nd Modifier [tradeModifier2Code],Special [specialPriceFlag],As-Of [isAsof],Side [reportingPartySideCode],Reporting Party Type [reportingPartyTypeCode],Contra Party Type [contraPartyTypeCode],Trade Status [tradeStatus],Remuneration [remunerationIndicator],ATS [atsFlag],CUSIP [cusip],Number of Allocations [allocQT]
0,DPYC6347907,DEPOSITORY TR CO,2026-09-28,5MM+,96.074000,5.548885,11:59:36,,,,,S,D,C,M,M,,249672AA4,
1,DPYC6347907,DEPOSITORY TR CO,2026-09-22,2000000.00,96.990000,5.308939,16:00:02,,,,,B,D,C,M,M,,249672AA4,
2,DPYC6347907,DEPOSITORY TR CO,2026-09-22,500000.00,97.032000,5.298157,12:05:59,,,,,S,D,T,M,,Y,249672AA4,
3,DPYC6347907,DEPOSITORY TR CO,2026-09-22,500000.00,97.057000,5.291742,12:05:59,,,,,S,T,D,M,,Y,249672AA4,
4,DPYC6347907,DEPOSITORY TR CO,2026-09-22,750000.00,97.208000,5.253036,09:20:23,,,,,S,T,D,M,,Y,249672AA4,
5,DPYC6347907,DEPOSITORY TR CO,2026-09-22,750000.00,97.208000,5.253036,09:20:23,,,,,S,D,T,M,,Y,249672AA4,
6,DPYC6347907,DEPOSITORY TR CO,2026-09-21,850000.00,97.199000,5.254909,12:47:01,,,,,S,D,C,M,M,,249672AA4,
7,DPYC6347907,DEPOSITORY TR CO,2026-09-16,600000.00,97.324000,5.220882,11:42:09,,,,,S,D,C,M,N,,249672AA4,
8,DPYC6347907,DEPOSITORY TR CO,2026-09-15,2000000.00,97.068000,5.285786,12:44:21,,P,,,B,D,C,M,M,,249672AA4,
9,DPYC6347907,DEPOSITORY TR CO,2026-09-14,3250000.00,97.281000,5.231017,14:23:53,,,,,B,D,C,M,M,,249672AA4,
10,DPYC6347907,DEPOSITORY TR CO,2026-09-09,250000.00,98.007700,5.045188,10:35:02,,,,,S,D,D,M,,Y,249672AA4,
11,DPYC6347907,DEPOSITORY TR CO,2026-09-09,250000.00,98.038940,5.037323,10:35:02,,,,,S,D,D,M,,Y,249672AA4,
12,DPYC6347907,DEPOSITORY TR CO,2026-09-09,250000.00,98.028000,5.040077,09:57:00,,,,,S,D,T,M,,Y,249672AA4,
13,DPYC6347907,DEPOSITORY TR CO,2026-09-09,250000.00,98.053000,5.033785,09:57:00,,,,,S,T,D,M,,Y,249672AA4,
14,DPYC6347907,DEPOSITORY TR CO,2026-09-08,3500000.00,98.047000,5.034995,16:00:03,,,,,B,D,C,M,M,,249672AA4,
15,DPYC6347907,DEPOSITORY TR CO,2026-09-08,800000.00,98.129410,5.014277,15:36:02,,,,,S,D,D,M,,Y,249672AA4,
16,DPYC6347907,DEPOSITORY TR CO,2026-09-08,800000.00,98.160650,5.006428,15:36:02,,,,,S,D,D,M,,Y,249672AA4,
17,DPYC6347907,DEPOSITORY TR CO,2026-09-08,425000.00,98.141000,5.011365,08:23:34,,,,,B,D,C,M,M,,249672AA4,
18,DPYC6347907,DEPOSITORY TR CO,2026-09-08,425000.00,98.186000,5.000062,08:23:33,,,,,S,D,D,M,,,249672AA4,
19,DPYC6347907,DEPOSITORY TR CO,2026-09-04,350000.00,98.218000,4.991754,10:18:53,,,,,B,D,C,M,M,,249672AA4,
20,DPYC6347907,DEPOSITORY TR CO,2026-09-04,350000.00,98.263000,4.980467,10:18:52,,,,,S,D,D,M,,,249672AA4,
21,DPYC6347907,DEPOSITORY TR CO,2026-09-03,475000.00,98.386000,4.948653,09:34:17,,,,,B,D,C,M,M,,249672AA4,
22,DPYC6347907,DEPOSITORY TR CO,2026-09-03,475000.00,98.431000,4.937415,09:34:17,,,,,S,D,D,M,,,249672AA4,
23,DPYC6347907,DEPOSITORY TR CO,2026-09-02,500000.00,98.223000,4.989143,08:48:04,,,,,S,D,D,M,,,249672AA4,
24,DPYC6347907,DEPOSITORY TR CO,2026-09-02,500000.00,98.178000,5.000404,08:48:04,,,,,B,D,C,M,M,,249672AA4,
25,DPYC6347907,DEPOSITORY TR CO,2026-09-01,400000.00,98.307750,4.967695,13:33:02,,,,,S,D,D,M,,Y,249672AA4,
26,DPYC6347907,DEPOSITORY TR CO,2026-09-01,400000.00,98.276510,4.975500,13:33:02,,,,,S,D,D,M,,Y,249672AA4,
27,DPYC6347907,DEPOSITORY TR CO,2026-09-01,749000.00,98.210840,4.991915,12:41:39,,,,,S,D,T,M,,Y,249672AA4,
28,DPYC6347907,DEPOSITORY TR CO,2026-09-01,749000.00,98.240840,4.984414,12:41:39,,,,,S,T,D,M,,Y,249672AA4,
29,DPYC6347907,DEPOSITORY TR CO,2026-09-01,4400000.00,98.265000,4.978376,09:51:57,,P,,,S,D,C,M,N,,249672AA4,
30,DPYC6347907,DEPOSITORY TR CO,2026-08-31,250000.00,98.297375,4.970029,09:59:53,,,,,S,D,T,M,,Y,249672AA4,
31,DPYC6347907,DEPOSITORY TR CO,2026-08-31,250000.00,98.318000,4.964880,09:59:53,,,,,S,T,D,M,,Y,249672AA4,
32,DPYC6347907,DEPOSITORY TR CO,2026-08-26,2395000.00,98.853000,4.831051,14:04:57,,,,,S,D,C,M,M,,249672AA4,
33,DPYC6347907,DEPOSITORY TR CO,2026-08-26,250000.00,98.762470,4.853466,13:35:02,,,,,S,D,D,M,,Y,249672AA4,
34,DPYC6347907,DEPOSITORY TR CO,2026-08-26,250000.00,98.731230,4.861207,13:35:02,,,,,S,D,D,M,,Y,249672AA4,
35,DPYC6347907,DEPOSITORY TR CO,2026-08-24,1154000.00,98.708030,4.866562,12:44:13,,,,,S,T,D,M,,Y,249672AA4,
36,DPYC6347907,DEPOSITORY TR CO,2026-08-24,364000.00,98.678030,4.873992,12:44:13,,,,,S,D,T,M,,Y,249672AA4,
37,DPYC6347907,DEPOSITORY TR CO,2026-08-24,790000.00,98.678030,4.873992,12:44:13,,,,,S,D,T,M,,Y,249672AA4,
38,DPYC6347907,DEPOSITORY TR CO,2026-08-24,1000000.00,98.698000,4.869046,10:09:07,,,,,S,D,C,M,M,,249672AA4,
39,DPYC6347907,DEPOSITORY TR CO,2026-08-24,3500000.00,98.698000,4.869046,09:39:56,,,,,S,D,C,M,M,,249672AA4,
40,DPYC6347907,DEPOSITORY TR CO,2026-08-13,3500000.00,99.001000,4.792454,16:00:14,,P,,,S,D,C,M,M,,249672AA4,
41,DPYC6347907,DEPOSITORY TR CO,2026-08-13,3500000.00,99.001000,4.792454,16:00:14,,P,,,S,D,D,M,,,249672AA4,
42,DPYC6347907,DEPOSITORY TR CO,2026-08-13,3500000.00,98.916990,4.813070,15:34:02,,,,,S,D,D,M,,Y,249672AA4,
43,DPYC6347907,DEPOSITORY TR CO,2026-08-13,3500000.00,98.948230,4.805401,15:34:02,,,,,S,D,D,M,,Y,249672AA4,
44,DPYC6347907,DEPOSITORY TR CO,2026-08-12,700000.00,98.735000,4.857614,16:00:01,,P,,,S,D,C,M,M,,249672AA4,
45,DPYC6347907,DEPOSITORY TR CO,2026-08-12,2000000.00,98.712000,4.863271,16:00:01,,P,,,S,D,C,M,N,,249672AA4,
46,DPYC6347907,DEPOSITORY TR CO,2026-08-12,2000000.00,98.668560,4.873959,15:34:02,,,,,S,D,D,M,,Y,249672AA4,
47,DPYC6347907,DEPOSITORY TR CO,2026-08-12,2000000.00,98.699800,4.866272,15:34:02,,,,,S,D,D,M,,Y,249672AA4,
48,DPYC6347907,DEPOSITORY TR CO,2026-08-12,267000.00,98.720000,4.861303,12:15:45,,P,,,B,D,C,M,M,,249672AA4,
49,DPYC6347907,DEPOSITORY TR CO,2026-08-11,5000000.00,98.589000,4.893345,16:38:56,,,,,S,D,C,M,M,,249672AA4,
50,DPYC6347907,DEPOSITORY TR CO,2026-08-11,5MM+,98.497000,4.916008,16:17:52,,,,,B,D,C,M,M,,249672AA4,
51,DPYC6347907,DEPOSITORY TR CO,2026-08-11,2536000.00,98.696000,4.867017,15:34:25,,,,,B,D,C,M,M,,249672AA4,
52,DPYC6347907,DEPOSITORY TR CO,2026-08-10,3000000.00,98.886000,4.820185,15:00:01,,P,,,S,D,C,M,M,,249672AA4,
53,DPYC6347907,DEPOSITORY TR CO,2026-08-10,350000.00,98.800810,4.841085,10:33:02,,,,,S,D,D,M,,Y,249672AA4,
54,DPYC6347907,DEPOSITORY TR CO,2026-08-10,350000.00,98.832050,4.833418,10:33:02,,,,,S,D,D,M,,Y,249672AA4,
55,DPYC6347907,DEPOSITORY TR CO,2026-08-07,300000.00,98.985360,4.795686,15:34:02,,,,,S,D,D,M,,Y,249672AA4,
56,DPYC6347907,DEPOSITORY TR CO,2026-08-07,300000.00,99.016600,4.788040,15:34:02,,,,,S,D,D,M,,Y,249672AA4,
57,DPYC6347907,DEPOSITORY TR CO,2026-08-05,1400000.00,99.036900,4.782505,15:45:00,,,,,S,D,D,M,,,249672AA4,
58,DPYC6347907,DEPOSITORY TR CO,2026-08-05,1400000.00,98.953000,4.802996,09:09:41,,,,,B,D,C,M,M,,249672AA4,
59,DPYC6347907,DEPOSITORY TR CO,2026-08-04,1428000.00,98.993000,4.793078,15:14:02,,,,,B,D,C,M,M,,249672AA4,
60,DPYC6347907,DEPOSITORY TR CO,2026-08-04,2735000.00,99.010000,4.788929,14:28:55,,,,,B,D,C,M,M,,249672AA4,
61,DPYC6347907,DEPOSITORY TR CO,2026-08-03,2978000.00,98.796000,4.841050,13:32:36,,,,,S,D,C,M,M,,249672AA4,
62,DPYC6347907,DEPOSITORY TR CO,2026-08-03,155000.00,98.791000,4.842272,12:02:57,,,,,S,D,A,M,M,,249672AA4,
63,DPYC6347907,DEPOSITORY TR CO,2026-08-03,155000.00,98.751000,4.852057,12:02:57,,,,,S,D,T,M,,Y,249672AA4,
64,DPYC6347907,DEPOSITORY TR CO,2026-08-03,155000.00,98.791000,4.842272,12:02:57,,,,,S,T,D,M,,Y,249672AA4,
65,DPYC6347907,DEPOSITORY TR CO,2026-07-31,285000.00,98.542000,4.903051,12:16:16,,,,,B,D,C,M,M,,249672AA4,
66,DPYC6347907,DEPOSITORY TR CO,2026-07-29,300000.00,98.768000,4.847202,16:00:02,,P,,,B,D,C,M,M,,249672AA4,
67,DPYC6347907,DEPOSITORY TR CO,2026-07-29,20000.00,98.839000,4.829878,14:23:58,,P,,,S,D,C,M,M,,249672AA4,
68,DPYC6347907,DEPOSITORY TR CO,2026-07-29,1615000.00,98.806000,4.837928,09:37:06,,,,,S,D,D,M,,,249672AA4,
69,DPYC6347907,DEPOSITORY TR CO,2026-07-29,1615000.00,98.829000,4.832317,09:37:06,,,,,S,D,D,M,,,249672AA4,
70,DPYC6347907,DEPOSITORY TR CO,2026-07-27,4000000.00,98.759000,4.849052,11:52:42,,,,,S,D,C,M,M,,249672AA4,
71,DPYC6347907,DEPOSITORY TR CO,2026-07-23,250000.00,98.462630,4.920609,13:33:02,,,,,S,D,D,M,,Y,249672AA4,
72,DPYC6347907,DEPOSITORY TR CO,2026-07-23,250000.00,98.493870,4.912982,13:33:02,,,,,S,D,D,M,,Y,249672AA4,
73,DPYC6347907,DEPOSITORY TR CO,2026-07-20,1300000.00,98.984000,4.793269,16:00:16,,P,,,B,D,C,M,M,,249672AA4,
74,DPYC6347907,DEPOSITORY TR CO,2026-07-20,1300000.00,98.984000,4.793269,16:00:16,,P,,,S,D,D,M,,,249672AA4,
75,DPYC6347907,DEPOSITORY TR CO,2026-07-16,5MM+,99.231000,4.733086,15:41:11,,P,,,S,D,C,M,M,,249672AA4,
76,DPYC6347907,DEPOSITORY TR CO,2026-07-14,216000.00,99.118000,4.760107,16:16:23,,P,,,S,D,C,M,M,,249672AA4,
77,DPYC6347907,DEPOSITORY TR CO,2026-07-14,216000.00,99.147000,4.753115,15:43:00,,P,,,S,D,C,M,M,,249672AA4,
78,DPYC6347907,DEPOSITORY TR CO,2026-07-14,300000.00,99.055850,4.775099,13:34:02,,,,,S,D,D,M,,Y,249672AA4,
79,DPYC6347907,DEPOSITORY TR CO,2026-07-14,300000.00,99.087090,4.767562,13:34:02,,,,,S,D,D,M,,Y,249672AA4,
80,DPYC6347907,DEPOSITORY TR CO,2026-07-14,500000.00,99.138670,4.755123,10:36:02,,,,,S,D,D,M,,Y,249672AA4,
81,DPYC6347907,DEPOSITORY TR CO,2026-07-14,500000.00,99.169910,4.747594,10:36:02,,,,,S,D,D,M,,Y,249672AA4,
82,DPYC6347907,DEPOSITORY TR CO,2026-07-14,250000.00,99.089000,4.767101,10:18:58,,,,,B,D,C,M,M,,249672AA4,
83,DPYC6347907,DEPOSITORY TR CO,2026-07-13,600000.00,98.898000,4.813079,16:00:02,,P,,,B,D,C,M,M,,249672AA4,
84,DPYC6347907,DEPOSITORY TR CO,2026-07-13,750000.00,99.052000,4.775901,10:05:43,,,,,S,D,D,M,,,249672AA4,
85,DPYC6347907,DEPOSITORY TR CO,2026-07-13,750000.00,99.052000,4.775901,10:05:43,,,,,B,D,C,M,N,,249672AA4,
86,DPYC6347907,DEPOSITORY TR CO,2026-07-13,250000.00,99.126000,4.758061,09:41:32,,P,,,S,D,C,M,M,,249672AA4,
87,DPYC6347907,DEPOSITORY TR CO,2026-07-09,1950000.00,99.242680,4.729558,10:33:02,,,,,S,D,D,M,,Y,249672AA4,
88,DPYC6347907,DEPOSITORY TR CO,2026-07-09,1400000.00,99.211440,4.737062,10:33:02,,,,,S,D,D,M,,Y,249672AA4,
89,DPYC6347907,DEPOSITORY TR CO,2026-07-09,1400000.00,99.211440,4.737062,10:33:02,,,,,B,D,A,M,N,,249672AA4,
90,DPYC6347907,DEPOSITORY TR CO,2026-07-09,550000.00,99.211440,4.737062,10:33:02,,,,,S,D,D,M,,Y,249672AA4,
91,DPYC6347907,DEPOSITORY TR CO,2026-07-08,258000.00,99.057324,4.773995,18:22:31,T,,,,B,D,A,M,N,,249672AA4,
92,DPYC6347907,DEPOSITORY TR CO,2026-07-08,700000.00,99.041000,4.778047,12:09:19,,,,,B,D,A,M,M,,249672AA4,
93,DPYC6347907,DEPOSITORY TR CO,2026-07-07,192000.00,99.386805,4.694816,17:15:22,T,,,,B,D,A,M,N,,249672AA4,
94,DPYC6347907,DEPOSITORY TR CO,2026-07-07,5MM+,99.783000,4.600190,14:31:12,,,,,S,D,C,M,M,,249672AA4,
95,DPYC6347907,DEPOSITORY TR CO,2026-07-07,5MM+,99.448000,4.680166,14:04:14,,,,,S,D,D,N,,,249672AA4,
96,DPYC6347907,DEPOSITORY TR CO,2026-07-07,5MM+,99.448000,4.680239,14:04:14,,,,,S,D,D,M,,,249672AA4,
97,DPYC6347907,DEPOSITORY TR CO,2026-07-07,5MM+,99.441000,4.681841,14:04:14,,,,,B,D,C,M,N,,249672AA4,
98,DPYC6347907,DEPOSITORY TR CO,2026-07-07,5MM+,99.448000,4.680166,14:04:14,,,,,S,D,D,M,,,249672AA4,
99,DPYC6347907,DEPOSITORY TR CO,2026-07-07,5MM+,99.441000,4.681841,14:04:14,,,,,B,D,C,N,N,,249672AA4,
100,DPYC6347907,DEPOSITORY TR CO,2026-07-07,5MM+,99.441000,4.681916,14:04:14,,,,,B,D,C,M,N,,249672AA4,
101,DPYC6347907,DEPOSITORY TR CO,2026-07-06,1000000.00,99.573000,4.650219,16:00:04,,P,,,B,D,C,M,M,,249672AA4,
102,DPYC6347907,DEPOSITORY TR CO,2026-07-06,550000.00,99.496900,4.668401,15:34:02,,,,,S,D,D,M,,Y,249672AA4,
103,DPYC6347907,DEPOSITORY TR CO,2026-07-06,550000.00,99.528140,4.660935,15:34:02,,,,,S,D,D,M,,Y,249672AA4,
104,DPYC6347907,DEPOSITORY TR CO,2026-07-06,500000.00,99.490000,4.670051,12:34:01,,,,,B,D,A,M,N,,249672AA4,
105,DPYC6347907,DEPOSITORY TR CO,2026-07-06,500000.00,99.490000,4.670051,12:34:01,,,,,S,D,C,M,N,,249672AA4,
106,DPYC6347907,DEPOSITORY TR CO,2026-07-02,450000.00,99.488980,4.670227,10:33:02,,,,,S,D,D,M,,Y,249672AA4,
107,DPYC6347907,DEPOSITORY TR CO,2026-07-02,450000.00,99.457740,4.677693,10:33:02,,,,,S,D,D,M,,Y,249672AA4,
108,DPYC6347907,DEPOSITORY TR CO,2026-07-01,60000.00,99.384000,4.695010,16:06:15,,P,,,S,D,C,M,M,,249672AA4,
109,DPYC6347907,DEPOSITORY TR CO,2026-07-01,1145000.00,99.347000,4.703844,15:48:38,,,,,B,D,C,M,M,,249672AA4,
110,DPYC6347907,DEPOSITORY TR CO,2026-06-30,1300000.00,99.488000,4.670133,16:03:32,,P,,,S,D,C,M,M,,249672AA4,
111,DPYC6347907,DEPOSITORY TR CO,2026-06-30,184000.00,99.598000,4.643936,15:42:27,,P,,,S,D,C,M,M,,249672AA4,
112,DPYC6347907,DEPOSITORY TR CO,2026-06-30,255000.00,99.547000,4.656077,11:24:11,,P,,,B,D,C,M,M,,249672AA4,
113,DPYC6347907,DEPOSITORY TR CO,2026-06-26,1000000.00,99.745260,4.608855,15:38:02,,,,,S,D,D,M,,Y,249672AA4,
114,DPYC6347907,DEPOSITORY TR CO,2026-06-26,1000000.00,99.714020,4.616271,15:38:02,,,,,S,D,D,M,,Y,249672AA4,
115,DPYC6347907,DEPOSITORY TR CO,2026-06-26,350000.00,99.722400,4.614281,10:35:02,,,,,S,D,D,M,,Y,249672AA4,
116,DPYC6347907,DEPOSITORY TR CO,2026-06-26,350000.00,99.691160,4.621699,10:35:02,,,,,B,D,A,M,N,,249672AA4,
117,DPYC6347907,DEPOSITORY TR CO,2026-06-26,350000.00,99.691160,4.621699,10:35:02,,,,,S,D,D,M,,Y,249672AA4,
118,DPYC6347907,DEPOSITORY TR CO,2026-06-26,175000.00,99.840000,4.586382,10:22:34,,,,,S,D,D,M,,,249672AA4,
119,DPYC6347907,DEPOSITORY TR CO,2026-06-26,175000.00,99.840000,4.586382,10:22:34,,,,,S,D,D,M,,,249672AA4,
120,DPYC6347907,DEPOSITORY TR CO,2026-06-25,5MM+,99.732000,4.611904,10:52:59,,,,,B,D,C,M,M,,249672AA4,
121,DPYC6347907,DEPOSITORY TR CO,2026-06-23,800000.00,99.394000,4.692022,09:56:52,,P,,,S,D,C,M,M,,249672AA4,
122,DPYC6347907,DEPOSITORY TR CO,2026-06-22,250000.00,99.276000,4.720003,16:00:01,,P,,,S,D,C,M,M,,249672AA4,
123,DPYC6347907,DEPOSITORY TR CO,2026-06-22,250000.00,99.229230,4.731132,10:33:02,,,,,B,D,A,M,N,,249672AA4,
124,DPYC6347907,DEPOSITORY TR CO,2026-06-22,250000.00,99.229230,4.731132,10:33:02,,,,,S,D,D,M,,Y,249672AA4,
125,DPYC6347907,DEPOSITORY TR CO,2026-06-22,250000.00,99.260470,4.723698,10:33:02,,,,,S,D,D,M,,Y,249672AA4,
126,DPYC6347907,DEPOSITORY TR CO,2026-06-22,300000.00,99.255000,4.724999,09:20:31,,,,,S,D,T,M,,Y,249672AA4,
127,DPYC6347907,DEPOSITORY TR CO,2026-06-22,300000.00,99.255000,4.724999,09:20:31,,,,,B,D,A,M,N,,249672AA4,
128,DPYC6347907,DEPOSITORY TR CO,2026-06-22,300000.00,99.255000,4.724999,09:20:29,,,,,S,T,D,M,,Y,249672AA4,
129,DPYC6347907,DEPOSITORY TR CO,2026-06-15,5MM+,99.671000,4.625992,14:47:10,,,,,S,D,D,M,,,249672AA4,
130,DPYC6347907,DEPOSITORY TR CO,2026-06-15,5MM+,99.671000,4.625992,14:47:10,,,,,S,D,D,M,,,249672AA4,
131,DPYC6347907,DEPOSITORY TR CO,2026-06-15,5MM+,99.671000,4.625992,14:47:10,,,,,B,D,A,M,N,,249672AA4,
132,DPYC6347907,DEPOSITORY TR CO,2026-06-15,5MM+,99.620000,4.638028,12:46:21,,,,,S,D,D,M,,,249672AA4,
133,DPYC6347907,DEPOSITORY TR CO,2026-06-15,5MM+,99.620000,4.638028,12:46:21,,,,,S,D,D,M,,,249672AA4,
134,DPYC6347907,DEPOSITORY TR CO,2026-06-15,5MM+,99.620000,4.638028,12:46:21,,,,,S,D,A,M,N,,249672AA4,
135,DPYC6347907,DEPOSITORY TR CO,2026-06-15,2800000.00,99.637000,4.634015,11:15:11,,,,,B,D,A,M,N,,249672AA4,
136,DPYC6347907,DEPOSITORY TR CO,2026-06-15,2800000.00,99.637000,4.634015,11:15:11,,,,,S,D,A,M,N,,249672AA4,
137,DPYC6347907,DEPOSITORY TR CO,2026-06-12,310000.00,99.570280,4.649722,13:35:02,,,,,S,D,D,M,,Y,249672AA4,
138,DPYC6347907,DEPOSITORY TR CO,2026-06-12,310000.00,99.585900,4.646034,13:35:02,,,,,S,D,D,M,,Y,249672AA4,
139,DPYC6347907,DEPOSITORY TR CO,2026-06-12,427000.00,99.565000,4.650969,09:20:24,,,,,S,T,D,M,,Y,249672AA4,
140,DPYC6347907,DEPOSITORY TR CO,2026-06-12,1300000.00,99.565000,4.650969,09:20:24,,,,,S,T,D,M,,Y,249672AA4,
141,DPYC6347907,DEPOSITORY TR CO,2026-06-12,1727000.00,99.565000,4.650969,09:20:23,,,,,S,D,T,M,,Y,249672AA4,
142,DPYC6347907,DEPOSITORY TR CO,2026-06-11,3050000.00,99.611000,4.639986,15:58:30,,,,,B,D,C,M,M,,249672AA4,
143,DPYC6347907,DEPOSITORY TR CO,2026-06-11,300000.00,99.386000,4.693069,09:23:24,,P,,,S,D,C,M,M,,249672AA4,
144,DPYC6347907,DEPOSITORY TR CO,2026-06-09,427000.00,99.348000,4.701903,16:05:18,,P,,,S,D,C,M,M,,249672AA4,
145,DPYC6347907,DEPOSITORY TR CO,2026-06-08,3500000.00,99.153000,4.747899,10:47:19,,,,,S,D,C,M,M,,249672AA4,
146,DPYC6347907,DEPOSITORY TR CO,2026-06-03,250000.00,99.412400,4.686326,12:41:46,,,,,S,D,T,M,,Y,249672AA4,
147,DPYC6347907,DEPOSITORY TR CO,2026-06-03,250000.00,99.435200,4.680964,12:41:46,,,,,S,T,D,M,,Y,249672AA4,
148,DPYC6347907,DEPOSITORY TR CO,2026-06-02,5MM+,99.584000,4.645967,16:00:15,,,,,B,D,C,M,M,,249672AA4,
149,DPYC6347907,DEPOSITORY TR CO,2026-06-02,265000.00,99.625000,4.636351,16:00:01,,,,,B,D,C,M,N,,249672AA4,
150,DPYC6347907,DEPOSITORY TR CO,2026-06-02,265000.00,99.625000,4.636351,16:00:01,,,,,S,D,D,M,,,249672AA4,
151,DPYC6347907,DEPOSITORY TR CO,2026-06-02,1885000.00,99.541000,4.656057,15:20:51,,,,,B,D,C,M,M,,249672AA4,
152,DPYC6347907,DEPOSITORY TR CO,2026-06-02,360000.00,99.836000,4.586937,09:13:00,,,,,S,D,C,M,M,,249672AA4,
153,DPYC6347907,DEPOSITORY TR CO,2026-06-01,250000.00,99.494000,4.667041,11:07:33,,,,,S,D,C,M,M,,249672AA4,
154,DPYC6347907,DEPOSITORY TR CO,2026-06-01,1000000.00,99.707000,4.617133,08:00:25,,,,,S,D,C,M,M,,249672AA4,
155,DPYC6347907,DEPOSITORY TR CO,2026-05-28,250000.00,99.690000,4.621008,13:44:08,,,,,S,D,C,M,M,,249672AA4,
156,DPYC6347907,DEPOSITORY TR CO,2026-05-27,2500000.00,99.451000,4.676916,16:00:02,,,,,B,D,C,M,M,,249672AA4,
157,DPYC6347907,DEPOSITORY TR CO,2026-05-27,2500000.00,99.579000,4.646940,14:57:16,,,,,S,D,C,M,M,,249672AA4,
158,DPYC6347907,DEPOSITORY TR CO,2026-05-26,252000.00,99.239000,4.726583,11:07:36,,P,,,B,D,C,M,M,,249672AA4,
159,DPYC6347907,DEPOSITORY TR CO,2026-05-20,250000.00,99.379000,4.693368,16:00:00,,P,,,S,D,C,M,M,,249672AA4,
160,DPYC6347907,DEPOSITORY TR CO,2026-05-20,250000.00,99.381000,4.692901,16:00:00,,P,,,B,D,C,M,M,,249672AA4,
161,DPYC6347907,DEPOSITORY TR CO,2026-05-20,800000.00,99.009000,4.780036,09:00:13,,,,,B,D,C,M,N,,249672AA4,
162,DPYC6347907,DEPOSITORY TR CO,2026-05-20,800000.00,99.009000,4.780036,09:00:13,,,,,S,D,A,M,N,,249672AA4,
163,DPYC6347907,DEPOSITORY TR CO,2026-05-19,500000.00,98.969000,4.789320,16:00:00,,P,,,S,D,C,M,M,,249672AA4,
164,DPYC6347907,DEPOSITORY TR CO,2026-05-19,500000.00,98.969000,4.789320,16:00:00,,P,,,B,D,C,M,M,,249672AA4,
165,DPYC6347907,DEPOSITORY TR CO,2026-05-19,1000000.00,99.017000,4.778055,13:46:38,,,,,B,D,C,M,M,,249672AA4,
166,DPYC6347907,DEPOSITORY TR CO,2026-05-19,1000000.00,98.958000,4.791902,11:19:14,,,,,B,D,A,M,N,,249672AA4,
167,DPYC6347907,DEPOSITORY TR CO,2026-05-19,1000000.00,98.958000,4.791902,11:19:14,,,,,S,D,C,M,N,,249672AA4,
168,DPYC6347907,DEPOSITORY TR CO,2026-05-18,335000.00,99.223420,4.729609,15:36:02,,,,,S,D,D,M,,Y,249672AA4,
169,DPYC6347907,DEPOSITORY TR CO,2026-05-18,335000.00,99.192180,4.736918,15:36:02,,,,,S,D,D,M,,Y,249672AA4,
170,DPYC6347907,DEPOSITORY TR CO,2026-05-15,250000.00,99.337000,4.702995,09:46:15,,P,,,S,D,C,M,N,,249672AA4,
171,DPYC6347907,DEPOSITORY TR CO,2026-05-15,250000.00,99.337000,4.702995,09:46:15,,P,,,S,D,D,M,,,249672AA4,
172,DPYC6347907,DEPOSITORY TR CO,2026-05-13,1000000.00,99.775000,4.600949,15:56:42,,,,,B,D,C,M,M,,249672AA4,
173,DPYC6347907,DEPOSITORY TR CO,2026-05-13,576000.00,99.819000,4.590752,14:29:52,,P,,,B,D,C,M,M,,249672AA4,
174,DPYC6347907,DEPOSITORY TR CO,2026-05-13,256000.00,99.632000,4.634126,11:03:30,,P,,,B,D,C,M,M,,249672AA4,
175,DPYC6347907,DEPOSITORY TR CO,2026-05-11,666000.00,99.988000,4.551666,15:57:18,,P,,,B,D,C,M,M,,249672AA4,
176,DPYC6347907,DEPOSITORY TR CO,2026-05-07,500000.00,100.171200,4.509543,16:35:00,,,,,S,D,D,M,,,249672AA4,
177,DPYC6347907,DEPOSITORY TR CO,2026-05-06,300000.00,100.354000,4.466978,12:46:25,,,,,S,D,C,M,M,,249672AA4,
178,DPYC6347907,DEPOSITORY TR CO,2026-05-05,252000.00,100.009450,4.546826,10:33:02,,,,,S,D,D,M,,Y,249672AA4,
179,DPYC6347907,DEPOSITORY TR CO,2026-05-05,252000.00,100.040690,4.539635,10:33:02,,,,,S,D,D,M,,Y,249672AA4,
180,DPYC6347907,DEPOSITORY TR CO,2026-05-04,252000.00,99.889000,4.574585,15:29:33,,P,,,B,D,C,M,M,,249672AA4,
181,DPYC6347907,DEPOSITORY TR CO,2026-05-01,5MM+,100.310000,4.477402,08:44:00,,P,,,S,D,C,M,M,,249672AA4,
182,DPYC6347907,DEPOSITORY TR CO,2026-04-28,289000.00,100.210000,4.500922,09:31:07,,,,,B,D,C,M,M,,249672AA4,
183,DPYC6347907,DEPOSITORY TR CO,2026-04-27,700000.00,100.472000,4.440033,15:49:56,,,,,S,D,C,M,N,,249672AA4,
184,DPYC6347907,DEPOSITORY TR CO,2026-04-27,700000.00,100.472000,4.440033,15:49:56,,,,,B,D,A,M,N,,249672AA4,
185,DPYC6347907,DEPOSITORY TR CO,2026-04-27,1000000.00,100.485030,4.437169,15:35:02,,,,,S,D,D,M,,Y,249672AA4,
186,DPYC6347907,DEPOSITORY TR CO,2026-04-27,1000000.00,100.453790,4.444406,15:35:02,,,,,B,D,A,M,N,,249672AA4,
187,DPYC6347907,DEPOSITORY TR CO,2026-04-27,1000000.00,100.453790,4.444406,15:35:02,,,,,S,D,D,M,,Y,249672AA4,
188,DPYC6347907,DEPOSITORY TR CO,2026-04-27,250000.00,100.454000,4.444357,11:03:21,,P,,,B,D,C,M,M,,249672AA4,
189,DPYC6347907,DEPOSITORY TR CO,2026-04-23,1000000.00,100.491000,4.436108,16:00:05,,P,,,S,D,D,M,,,249672AA4,
190,DPYC6347907,DEPOSITORY TR CO,2026-04-23,1000000.00,100.491000,4.436108,16:00:05,,P,,,S,D,C,M,M,,249672AA4,
191,DPYC6347907,DEPOSITORY TR CO,2026-04-23,250000.00,100.522000,4.429029,12:10:17,,,,,B,D,C,M,M,,249672AA4,
192,DPYC6347907,DEPOSITORY TR CO,2026-04-22,500000.00,100.643000,4.401109,16:00:03,,,,,B,D,A,M,N,,249672AA4,
193,DPYC6347907,DEPOSITORY TR CO,2026-04-22,500000.00,100.643000,4.401109,16:00:03,,,,,S,D,C,M,N,,249672AA4,
194,DPYC6347907,DEPOSITORY TR CO,2026-04-22,3150000.00,100.640660,4.401648,12:41:48,,,,,S,D,T,M,,Y,249672AA4,
195,DPYC6347907,DEPOSITORY TR CO,2026-04-22,3150000.00,100.640660,4.401648,12:41:48,,,,,B,D,A,M,N,,249672AA4,
196,DPYC6347907,DEPOSITORY TR CO,2026-04-22,3150000.00,100.670660,4.394732,12:41:48,,,,,S,T,D,M,,Y,249672AA4,
197,DPYC6347907,DEPOSITORY TR CO,2026-04-22,300000.00,100.732060,4.380584,10:33:02,,,,,B,D,A,M,N,,249672AA4,
198,DPYC6347907,DEPOSITORY TR CO,2026-04-22,300000.00,100.732060,4.380584,10:33:02,,,,,S,D,D,M,,Y,249672AA4,
199,DPYC6347907,DEPOSITORY TR CO,2026-04-22,300000.00,100.763300,4.373389,10:33:02,,,,,S,D,D,M,,Y,249672AA4,
200,DPYC6347907,DEPOSITORY TR CO,2026-04-21,250000.00,100.632000,4.403645,16:00:07,,P,,,S,D,C,M,N,,249672AA4,
201,DPYC6347907,DEPOSITORY TR CO,2026-04-21,250000.00,100.632000,4.403645,16:00:07,,P,,,S,D,D,M,,,249672AA4,
202,DPYC6347907,DEPOSITORY TR CO,2026-04-21,267000.00,100.625000,4.405454,11:44:55,,,,,B,D,C,M,N,,249672AA4,
203,DPYC6347907,DEPOSITORY TR CO,2026-04-21,267000.00,100.625000,4.405454,11:44:55,,,,,S,D,D,M,,,249672AA4,
204,DPYC6347907,DEPOSITORY TR CO,2026-04-21,5MM+,100.717000,4.384053,10:37:21,,,,,B,D,A,M,N,,249672AA4,
205,DPYC6347907,DEPOSITORY TR CO,2026-04-21,5MM+,100.717000,4.384053,10:37:21,,,,,S,D,A,M,N,,249672AA4,
206,DPYC6347907,DEPOSITORY TR CO,2026-04-20,700000.00,100.936000,4.333929,14:52:45,,,,,S,D,D,M,,,249672AA4,
207,DPYC6347907,DEPOSITORY TR CO,2026-04-20,700000.00,100.936000,4.333929,14:52:45,,,,,B,D,C,M,M,,249672AA4,
208,DPYC6347907,DEPOSITORY TR CO,2026-04-20,5000000.00,100.949000,4.330945,12:35:12,,,,,S,D,C,M,M,,249672AA4,
209,DPYC6347907,DEPOSITORY TR CO,2026-04-20,256000.00,100.827000,4.358968,12:34:27,,,,,S,D,D,M,,,249672AA4,
210,DPYC6347907,DEPOSITORY TR CO,2026-04-17,410000.00,100.803892,4.364398,17:20:31,T,,,,S,D,A,M,N,,249672AA4,
211,DPYC6347907,DEPOSITORY TR CO,2026-04-17,5000000.00,100.910000,4.340029,15:12:00,,,,,B,D,C,M,M,,249672AA4,
212,DPYC6347907,DEPOSITORY TR CO,2026-04-14,500000.00,100.874000,4.348928,14:59:28,,P,,,S,D,D,M,,,249672AA4,
213,DPYC6347907,DEPOSITORY TR CO,2026-04-14,500000.00,100.874000,4.348928,14:59:28,,P,,,B,D,C,M,M,,249672AA4,
214,DPYC6347907,DEPOSITORY TR CO,2026-04-13,500000.00,100.691000,4.390993,16:15:25,,P,,,S,D,D,M,,,249672AA4,
215,DPYC6347907,DEPOSITORY TR CO,2026-04-13,500000.00,100.691000,4.390993,16:15:25,,P,,,B,D,C,M,M,,249672AA4,
216,DPYC6347907,DEPOSITORY TR CO,2026-04-13,239000.00,100.416000,4.454182,12:01:29,,,,,B,D,A,M,N,,249672AA4,
217,DPYC6347907,DEPOSITORY TR CO,2026-04-13,239000.00,100.447000,4.447049,12:01:29,,,,,S,D,D,M,,,249672AA4,
218,DPYC6347907,DEPOSITORY TR CO,2026-04-13,239000.00,100.416000,4.454182,12:01:29,,,,,S,D,D,M,,,249672AA4,
219,DPYC6347907,DEPOSITORY TR CO,2026-04-09,2000000.00,100.708000,4.387529,16:00:27,,P,,,S,D,D,M,,,249672AA4,
220,DPYC6347907,DEPOSITORY TR CO,2026-04-09,2000000.00,100.708000,4.387529,16:00:27,,P,,,S,D,C,M,M,,249672AA4,
221,DPYC6347907,DEPOSITORY TR CO,2026-04-09,2500000.00,100.667000,4.396917,08:07:54,Z,,,,B,D,C,M,N,,249672AA4,
222,DPYC6347907,DEPOSITORY TR CO,2026-04-09,2500000.00,100.667000,4.396917,08:07:54,Z,,,,S,D,A,M,N,,249672AA4,
223,DPYC6347907,DEPOSITORY TR CO,2026-04-09,2500000.00,100.667000,4.396917,08:07:54,,,,,B,D,C,M,N,,249672AA4,
224,DPYC6347907,DEPOSITORY TR CO,2026-04-09,2500000.00,100.667000,4.396917,08:07:54,,,,,S,D,A,M,N,,249672AA4,
225,DPYC6347907,DEPOSITORY TR CO,2026-04-09,2500000.00,100.667000,4.396917,08:07:54,,,,,B,D,C,N,N,,249672AA4,
226,DPYC6347907,DEPOSITORY TR CO,2026-04-09,2500000.00,100.667000,4.396917,08:07:54,,,,,S,D,A,N,N,,249672AA4,
227,DPYC6347907,DEPOSITORY TR CO,2026-04-07,300000.00,100.310000,4.478973,13:37:20,,,,,B,D,C,M,N,,249672AA4,
228,DPYC6347907,DEPOSITORY TR CO,2026-04-07,300000.00,100.310000,4.478973,13:37:20,,,,,S,D,D,M,,,249672AA4,
229,DPYC6347907,DEPOSITORY TR CO,2026-04-07,256000.00,100.028000,4.543310,11:45:01,,P,,,B,D,C,M,M,,249672AA4,
230,DPYC6347907,DEPOSITORY TR CO,2026-04-02,575000.00,100.470000,4.442415,13:30:10,,,,,S,T,D,M,,Y,249672AA4,
231,DPYC6347907,DEPOSITORY TR CO,2026-04-02,575000.00,100.470000,4.442415,13:30:10,,,,,S,D,T,M,,Y,249672AA4,
232,DPYC6347907,DEPOSITORY TR CO,2026-04-02,750000.00,100.502000,4.435085,13:24:50,,,,,S,D,C,M,M,,249672AA4,
233,DPYC6347907,DEPOSITORY TR CO,2026-04-02,5MM+,100.437000,4.449976,12:22:33,,,,,B,D,A,M,N,,249672AA4,
234,DPYC6347907,DEPOSITORY TR CO,2026-04-02,5MM+,100.437000,4.449976,12:22:33,,,,,S,D,C,M,N,,249672AA4,
235,DPYC6347907,DEPOSITORY TR CO,2026-04-02,1000000.00,100.367000,4.466024,11:10:50,,,,,S,D,C,M,M,,249672AA4,
236,DPYC6347907,DEPOSITORY TR CO,2026-04-02,1000000.00,100.350000,4.469924,11:10:50,,,,,B,D,C,M,N,,249672AA4,
237,DPYC6347907,DEPOSITORY TR CO,2026-04-02,4450000.00,100.371000,4.465107,10:36:09,,,,,S,D,D,M,,,249672AA4,
238,DPYC6347907,DEPOSITORY TR CO,2026-04-02,4450000.00,100.387000,4.461438,10:36:09,,,,,S,D,D,M,,,249672AA4,
239,DPYC6347907,DEPOSITORY TR CO,2026-04-02,2500000.00,100.122000,4.522025,08:35:09,,,,,S,D,C,M,M,,249672AA4,
240,DPYC6347907,DEPOSITORY TR CO,2026-04-01,410000.00,100.229389,4.497836,17:19:57,T,,,,B,D,A,M,N,,249672AA4,
241,DPYC6347907,DEPOSITORY TR CO,2026-04-01,2150000.00,100.264000,4.489902,15:06:37,,,,,S,D,C,M,M,,249672AA4,
242,DPYC6347907,DEPOSITORY TR CO,2026-04-01,1340000.00,100.316000,4.477989,13:57:38,,,,,S,D,C,M,N,,249672AA4,
243,DPYC6347907,DEPOSITORY TR CO,2026-04-01,1340000.00,100.316000,4.477989,13:57:38,,,,,S,D,D,M,,,249672AA4,
244,DPYC6347907,DEPOSITORY TR CO,2026-04-01,4375000.00,100.325000,4.475928,11:28:07,,,,,S,D,D,M,,,249672AA4,
245,DPYC6347907,DEPOSITORY TR CO,2026-04-01,4375000.00,100.325000,4.475928,11:28:07,,,,,S,D,C,M,N,,249672AA4,
246,DPYC6347907,DEPOSITORY TR CO,2026-04-01,5MM+,100.197000,4.505054,10:37:50,,,,,S,D,C,M,M,,249672AA4,
247,DPYC6347907,DEPOSITORY TR CO,2026-04-01,5000000.00,100.216000,4.500906,09:45:04,,,,,S,D,A,M,N,,249672AA4,
248,DPYC6347907,DEPOSITORY TR CO,2026-04-01,5000000.00,100.216000,4.500906,09:45:04,,,,,S,D,D,M,,,249672AA4,
249,DPYC6347907,DEPOSITORY TR CO,2026-04-01,5000000.00,100.200000,4.504575,09:45:04,,,,,S,D,D,M,,,249672AA4,
250,DPYC6347907,DEPOSITORY TR CO,2026-03-31,1000000.00,100.251000,4.492941,16:05:08,,,,,S,D,A,M,M,,249672AA4,
251,DPYC6347907,DEPOSITORY TR CO,2026-03-31,335000.00,100.238000,4.495920,14:46:32,,,,,B,D,C,M,M,,249672AA4,
252,DPYC6347907,DEPOSITORY TR CO,2026-03-31,5MM+,100.238000,4.495920,13:40:27,,,,,B,D,C,M,M,,249672AA4,
253,DPYC6347907,DEPOSITORY TR CO,2026-03-31,1000000.00,100.216000,4.500961,12:37:26,,,,,B,D,C,M,M,,249672AA4,
254,DPYC6347907,DEPOSITORY TR CO,2026-03-30,1000000.00,100.018000,4.545801,15:45:51,,,,,B,D,C,M,M,,249672AA4,
255,DPYC6347907,DEPOSITORY TR CO,2026-03-30,1250000.00,100.163000,4.513021,11:21:26,,,,,S,D,C,M,M,,249672AA4,
256,DPYC6347907,DEPOSITORY TR CO,2026-03-27,5000000.00,99.616000,4.636962,10:44:22,,,,,S,D,C,M,M,,249672AA4,
257,DPYC6347907,DEPOSITORY TR CO,2026-03-27,1000000.00,99.585000,4.644007,10:30:27,,,,,S,D,C,M,M,,249672AA4,
258,DPYC6347907,DEPOSITORY TR CO,2026-03-27,1000000.00,99.537000,4.654921,10:29:11,,,,,B,D,C,M,M,,249672AA4,
259,DPYC6347907,DEPOSITORY TR CO,2026-03-27,5MM+,99.506000,4.661973,09:44:00,,,,,B,D,C,M,M,,249672AA4,
260,DPYC6347907,DEPOSITORY TR CO,2026-03-26,5000000.00,99.889000,,14:14:51,,,,,S,D,C,M,M,,249672AA4,
261,DPYC6347907,DEPOSITORY TR CO,2026-03-26,5000000.00,99.801000,,14:09:33,,,,,S,D,D,M,,,249672AA4,
262,DPYC6347907,DEPOSITORY TR CO,2026-03-26,3000000.00,99.911000,,13:10:43,,,,,S,D,C,M,M,,249672AA4,
263,DPYC6347907,DEPOSITORY TR CO,2026-03-26,3000000.00,99.788000,,13:04:43,,,,,S,D,D,M,,,249672AA4,
264,DPYC6347907,DEPOSITORY TR CO,2026-03-26,3000000.00,99.813000,,13:04:43,,,,,S,D,D,M,,,249672AA4,
265,DPYC6347907,DEPOSITORY TR CO,2026-03-26,3000000.00,99.788000,,13:04:43,,,,,B,D,A,M,N,,249672AA4,
266,DPYC6347907,DEPOSITORY TR CO,2026-03-26,5MM+,99.827500,,13:02:07,,,,,S,D,C,M,M,,249672AA4,
267,DPYC6347907,DEPOSITORY TR CO,2026-03-26,5MM+,99.770000,,12:51:28,,,,,S,D,D,M,,,249672AA4,
268,DPYC6347907,DEPOSITORY TR CO,2026-03-26,1000000.00,99.978000,,10:35:28,,,,,S,D,C,M,N,,249672AA4,
269,DPYC6347907,DEPOSITORY TR CO,2026-03-26,1000000.00,99.978000,,10:35:28,,,,,S,D,D,M,,,249672AA4,
270,DPYC6347907,DEPOSITORY TR CO,2026-03-26,5000000.00,99.960000,,09:59:45,,,,,S,D,C,M,M,,249672AA4,
271,DPYC6347907,DEPOSITORY TR CO,2026-03-26,1000000.00,99.850000,,08:54:26,,,,,B,D,C,M,M,,249672AA4,
272,DPYC6347907,DEPOSITORY TR CO,2026-03-25,500000.00,100.186000,,16:00:31,,,,,B,D,C,M,M,,249672AA4,
273,DPYC6347907,DEPOSITORY TR CO,2026-03-25,1000000.00,100.137000,,15:54:14,,,,,B,D,C,M,M,,249672AA4,
274,DPYC6347907,DEPOSITORY TR CO,2026-03-25,5MM+,100.137000,,11:00:01,,,,,B,D,C,M,M,,249672AA4,
275,DPYC6347907,DEPOSITORY TR CO,2026-03-25,250000.00,100.186000,,08:43:14,,,,,S,D,C,M,N,,249672AA4,
276,DPYC6347907,DEPOSITORY TR CO,2026-03-25,250000.00,100.186000,,08:43:14,,,,,B,D,A,M,N,,249672AA4,
277,DPYC6347907,THE DEPOSITORY TRUST CO,2026-03-24,500000.00,100.040000,,16:41:14,,,,,S,D,D,M,,,249672AA4,
278,DPYC6347907,THE DEPOSITORY TRUST CO,2026-03-24,500000.00,100.040000,,16:41:14,,,,,S,D,D,M,,,249672AA4,
279,DPYC6347907,THE DEPOSITORY TRUST CO,2026-03-24,500000.00,100.040000,,16:41:14,,,,,S,D,A,M,N,,249672AA4,
280,DPYC6347907,THE DEPOSITORY TRUST CO,2026-03-24,5MM+,100.009000,,16:37:28,,,,,S,D,C,M,M,,249672AA4,
281,DPYC6347907,THE DEPOSITORY TRUST CO,2026-03-24,300000.00,99.982000,,16:30:45,,,,,B,D,C,M,N,,249672AA4,
282,DPYC6347907,THE DEPOSITORY TRUST CO,2026-03-24,300000.00,99.982000,,16:30:45,,,,,S,D,A,M,N,,249672AA4,
283,DPYC6347907,THE DEPOSITORY TRUST CO,2026-03-24,3364000.00,99.836000,,15:39:07,,,,,S,D,A,M,N,,249672AA4,
284,DPYC6347907,THE DEPOSITORY TRUST CO,2026-03-24,3364000.00,99.836000,,15:39:07,,,,,B,D,C,M,N,,249672AA4,
285,DPYC6347907,THE DEPOSITORY TRUST CO,2026-03-24,1000000.00,99.947000,,11:55:27,,,,,B,D,C,M,M,,249672AA4,
286,DPYC6347907,THE DEPOSITORY TRUST CO,2026-03-24,5000000.00,99.973000,,11:46:52,,,,,B,D,C,M,M,,249672AA4,
287,DPYC6347907,THE DEPOSITORY TRUST CO,2026-03-24,875000.00,99.885000,,09:25:24,,,,,S,D,C,M,M,,249672AA4,
288,DPYC6347907,THE DEPOSITORY TRUST CO,2026-03-24,2400000.00,99.903000,,09:20:15,,,,,S,D,D,M,,,249672AA4,
289,DPYC6347907,THE DEPOSITORY TRUST CO,2026-03-24,1000000.00,99.898000,,09:14:14,,,,,S,D,C,M,N,,249672AA4,
290,DPYC6347907,THE DEPOSITORY TRUST CO,2026-03-24,1000000.00,99.898000,,09:14:14,,,,,B,D,A,M,N,,249672AA4,
291,DPYC6347907,THE DEPOSITORY TRUST CO,2026-03-24,1000000.00,99.841000,,09:13:16,,,,,B,D,C,M,M,,249672AA4,
292,DPYC6347907,THE DEPOSITORY TRUST CO,2026-03-24,500000.00,99.845000,,08:48:14,,,,,B,D,C,M,M,,249672AA4,
293,DPYC6347907,THE DEPOSITORY TRUST CO,2026-03-24,2525000.00,99.960000,,08:45:15,,,,,S,D,C,M,M,,249672AA4,
294,DPYC6347907,THE DEPOSITORY TRUST CO,2026-03-24,1000000.00,99.892000,,08:24:45,,,,,B,D,C,M,M,,249672AA4,
