Dissemination Identifier,Original Dissemination Identifier,Action type,Event type,Event timestamp,Amendment indicator,Asset Class,Product name,Cleared,Mandatory clearing indicator,Execution Timestamp,Effective Date,Expiration Date,Maturity date of the underlier,Non-standardized term indicator,Platform identifier,Prime brokerage transaction indicator,Block trade election indicator,Large notional off-facility swap election indicator,Notional amount-Leg 1,Notional amount-Leg 2,Notional currency-Leg 1,Notional currency-Leg 2,Notional quantity-Leg 1,Notional quantity-Leg 2,Total notional quantity-Leg 1,Total notional quantity-Leg 2,Quantity frequency multiplier-Leg 1,Quantity frequency multiplier-Leg 2,Quantity unit of measure-Leg 1,Quantity unit of measure-Leg 2,Quantity frequency-Leg 1,Quantity frequency-Leg 2,Notional amount in effect on associated effective date-Leg 1,Notional amount in effect on associated effective date-Leg 2,Effective date of the notional amount-Leg 1,Effective date of the notional amount-Leg 2,End date of the notional amount-Leg 1,End date of the notional amount-Leg 2,Call amount,Call currency,Put amount,Put currency,Exchange rate,Exchange rate basis,First exercise date,Fixed rate-Leg 1,Fixed rate-Leg 2,Option Premium Amount,Option Premium Currency,Price,Price unit of measure,Spread-Leg 1,Spread-Leg 2,Spread currency-Leg 1,Spread currency-Leg 2,Strike Price,Strike price currency/currency pair,Post-priced swap indicator,Price currency,Price notation,Spread notation-Leg 1,Spread notation-Leg 2,Strike price notation,Fixed rate day count convention-leg 1,Fixed rate day count convention-leg 2,Floating rate day count convention-leg 1,Floating rate day count convention-leg 2,Floating rate reset frequency period-leg 1,Floating rate reset frequency period-leg 2,Floating rate reset frequency period multiplier-leg 1,Floating rate reset frequency period multiplier-leg 2,Other payment amount,Fixed rate payment frequency period-Leg 1,Floating rate payment frequency period-Leg 1,Fixed rate payment frequency period-Leg 2,Floating rate payment frequency period-Leg 2,Fixed rate payment frequency period multiplier-Leg 1,Floating rate payment frequency period multiplier-Leg 1,Fixed rate payment frequency period multiplier-Leg 2,Floating rate payment frequency period multiplier-Leg 2,Other payment type,Other payment currency,Settlement currency-Leg 1,Settlement currency-Leg 2,Settlement location,Collateralisation category,Custom basket indicator,Index factor,Underlier ID-Leg 1,Underlier ID-Leg 2,Underlier ID source-Leg 1,Underlying Asset Name,Underlying asset subtype or underlying contract subtype-Leg 1,Underlying asset subtype or underlying contract subtype-Leg 2,Embedded Option type,Option Type,Option Style,Package indicator,Package transaction price,Package transaction price currency,Package transaction price notation,Package transaction spread,Package transaction spread currency,Package transaction spread notation,Physical delivery location-Leg 1,Delivery Type,Unique Product Identifier,UPI FISN,UPI Underlier Name
"1502050796","1499928273","TERM","ETRM","2025-05-05T08:53:26Z","","EQ","","N","","2025-05-02T16:51:53Z","2025-05-06","2026-11-18","","FALSE","BILT","","","","5","","EUR","","","","5","","","","SHAS","","","","","","","","","","","","","","","","","","","","","21.5","ACCY","0","","","","","","false","EUR","1","3","","","","","A004","","MNTH","","1","","","","MNTH","","","","1","","","","","EUR","","","","false","","JDEP.AS","","RIC","","","","OPET","","","false","","","","","","","","","QZR4QRQC44SV","NA/Swaps Sgle Stk Tot Rtn","JDE Peet's N.V."
"1502050797","1502050760","MODI","TRAD","2025-05-05T08:53:26Z","true","EQ","","N","","2025-05-05T08:49:43Z","2025-05-06","2026-11-18","","FALSE","BILT","","","","19,000","","EUR","","","","595","","","","SHAS","","","","","","","","","","","","","","","","","","","","","31.7888543","ACCY","0.003","","","","","","false","EUR","1","3","","","","","A004","","MNTH","","1","","","","MNTH","","","","1","","","","","EUR","","","","false","","VIE.PA","","RIC","","","","OPET","","","false","","","","","","","","","QZ77CB9J23R1","NA/Swaps Sgle Stk Tot Rtn","ORD."
"1502050798","1499946952","TERM","ETRM","2025-05-05T08:53:51Z","","EQ","","N","","2025-05-02T16:52:03Z","2025-05-06","2026-11-18","","FALSE","BILT","","","","5","","EUR","","","","5","","","","SHAS","","","","","","","","","","","","","","","","","","","","","0.3925","ACCY","0","","","","","","false","EUR","1","3","","","","","A004","","MNTH","","1","","","","MNTH","","","","1","","","","","EUR","","","","false","","POXEL.PA","","RIC","","","","OPET","","","false","","","","","","","","","QZ2BWSXQCZMN","NA/Swaps Sgle Stk Tot Rtn","No name obtainable"
"1502050799","1499919918","TERM","ETRM","2025-05-05T08:53:26Z","","EQ","","N","","2025-05-02T16:44:20Z","2025-05-06","2026-11-18","","FALSE","BILT","","","","5","","EUR","","","","5","","","","SHAS","","","","","","","","","","","","","","","","","","","","","56.92249","ACCY","0","","","","","","false","EUR","1","3","","","","","A004","","MNTH","","1","","","","MNTH","","","","1","","","","","EUR","","","","false","","KWSG.DE","","RIC","","","","OPET","","","false","","","","","","","","","QZ5ZMJB87BMS","NA/Swaps Sgle Stk Tot Rtn","KWS SAAT SE & Co. KGaAInhaber-Aktien o.N."
"1502050800","1499934443","MODI","TRAD","2025-05-05T08:53:14Z","true","EQ","","N","","2025-05-02T16:49:18Z","2025-05-06","2026-11-18","","FALSE","BILT","","","","3,200","","EUR","","","","190","","","","SHAS","","","","","","","","","","","","","","","","","","","","","16.7540089","ACCY","-0.003","","","","","","false","EUR","1","3","","","","","A004","","MNTH","","1","","","","MNTH","","","","1","","","","","EUR","","","","false","","PUIGb.MC","","RIC","","","","OPET","","","false","","","","","","","","","QZ1S0D28MB7Q","NA/Swaps Sgle Stk Tot Rtn","PUIG BRANDS, S.A., CLASE B ACCIONES"
"1502050801","1500000149","MODI","TRAD","2025-05-05T08:53:40Z","true","EQ","","N","","2025-05-02T18:48:15Z","2025-05-06","2026-11-18","","FALSE","BILT","","","","12,000","","EUR","","","","1,500","","","","SHAS","","","","","","","","","","","","","","","","","","","","","7.7733055","ACCY","0.003","","","","","","false","EUR","1","3","","","","","A004","","MNTH","","1","","","","MNTH","","","","1","","","","","EUR","","","","false","","TTKG.DE","","RIC","","","","OPET","","","false","","","","","","","","","QZG30FVJWPSG","NA/Swaps Sgle Stk Tot Rtn","TAKKT AGInhaber-Aktien o.N."
"1502050802","1499929083","TERM","ETRM","2025-05-05T08:53:26Z","","EQ","","N","","2025-05-02T16:47:22Z","2025-05-06","2026-11-18","","FALSE","BILT","","","","5","","EUR","","","","5","","","","SHAS","","","","","","","","","","","","","","","","","","","","","16.49","ACCY","0","","","","","","false","EUR","1","3","","","","","A004","","MNTH","","1","","","","MNTH","","","","1","","","","","EUR","","","","false","","VLLP.PA","","RIC","","","","OPET","","","false","","","","","","","","","QZH3N8ZQBXFK","NA/Swaps Sgle Stk Tot Rtn","ORD.REGROUPE"
"1502050803","","NEWT","TRAD","2025-05-05T08:53:00Z","","EQ","","N","","2025-05-05T08:49:32Z","2025-05-06","2026-11-18","","FALSE","BILT","","","","31,000","","EUR","","","","9,900","","","","SHAS","","","","","","","","","","","","","","","","","","","","","3.1313146","ACCY","0.003","","","","","","false","EUR","1","3","","","","","A004","","MNTH","","1","","","","MNTH","","","","1","","","","","EUR","","","","false","","CECG.DE","","RIC","","","","OPET","","","false","","","","","","","","","QZNC5BXSN55K","NA/Swaps Sgle Stk Tot Rtn","CECONOMY AGInhaber-Aktien o.N."
"1502050804","1499921199","TERM","ETRM","2025-05-05T08:52:22Z","","EQ","","N","","2025-05-02T16:44:39Z","2025-05-06","2026-11-18","","FALSE","BILT","","","","5","","EUR","","","","5","","","","SHAS","","","","","","","","","","","","","","","","","","","","","121.66237","ACCY","0","","","","","","false","EUR","1","3","","","","","A004","","MNTH","","1","","","","MNTH","","","","1","","","","","EUR","","","","false","","NEKG.DE","","RIC","","","","OPET","","","false","","","","","","","","","QZ5P17LJ96TN","NA/Swaps Sgle Stk Tot Rtn","Nemetschek SEInhaber-Aktien o.N."
"1502050805","","NEWT","TRAD","2025-05-05T08:53:09Z","","EQ","","N","","2025-05-05T08:49:35Z","2025-05-06","2026-11-18","","FALSE","BILT","","","","825","","EUR","","","","20","","","","SHAS","","","","","","","","","","","","","","","","","","","","","41.25","ACCY","0.003","","","","","","false","EUR","1","3","","","","","A004","","MNTH","","1","","","","MNTH","","","","1","","","","","EUR","","","","false","","UN0k.DE","","RIC","","","","OPET","","","false","","","","","","","","","QZM1SJK4HXP6","NA/Swaps Sgle Stk Tot Rtn","Uniper SEkonv.Namens-Aktien o.N."
"1502050806","1499946511","MODI","TRAD","2025-05-05T08:53:26Z","true","EQ","","N","","2025-05-02T16:51:00Z","2025-05-06","2026-11-18","","FALSE","BILT","","","","13,000","","EUR","","","","85","","","","SHAS","","","","","","","","","","","","","","","","","","","","","154.759364","ACCY","0.003","","","","","","false","EUR","1","3","","","","","A004","","MNTH","","1","","","","MNTH","","","","1","","","","","EUR","","","","false","","PV.DE","","RIC","","","","OPET","","","false","","","","","","","","","QZN825F45NQV","NA/Swaps Sgle Stk Tot Rtn","Pfeiffer Vacuum Technology AGInhaber-Aktien o.N."
"1502050807","1499942933","MODI","TRAD","2025-05-05T08:53:33Z","true","EQ","","N","","2025-05-02T16:50:54Z","2025-05-06","2026-11-18","","FALSE","BILT","","","","3,000","","EUR","","","","280","","","","SHAS","","","","","","","","","","","","","","","","","","","","","10.6761475","ACCY","0.003","","","","","","false","EUR","1","3","","","","","A004","","MNTH","","1","","","","MNTH","","","","1","","","","","EUR","","","","false","","NEA.MC","","RIC","","","","OPET","","","false","","","","","","","","","QZT29SMP0373","NA/Swaps Sgle Stk Tot Rtn","No name obtainable"
"1502050808","1499999526","MODI","TRAD","2025-05-05T08:53:40Z","true","EQ","","N","","2025-05-02T18:48:03Z","2025-05-06","2026-11-18","","FALSE","BILT","","","","160,000","","EUR","","","","100","","","","SHAS","","","","","","","","","","","","","","","","","","","","","1,546.95744","ACCY","0.003","","","","","","false","EUR","1","3","","","","","A004","","MNTH","","1","","","","MNTH","","","","1","","","","","EUR","","","","false","","RHMG.DE","","RIC","","","","OPET","","","false","","","","","","","","","QZRXR15VNCW0","NA/Swaps Sgle Stk Tot Rtn","Rheinmetall AGInhaber-Aktien o.N."
"1502050809","","NEWT","TRAD","2025-05-05T08:53:00Z","","EQ","","N","","2025-05-05T08:49:32Z","2025-05-06","2026-11-18","","FALSE","BILT","","","","6,900","","EUR","","","","640","","","","SHAS","","","","","","","","","","","","","","","","","","","","","10.7980816022","ACCY","0.002","","","","","","false","EUR","1","3","","","","","A004","","MNTH","","1","","","","MNTH","","","","1","","","","","EUR","","","","false","","RECT.BR","","RIC","","","","OPET","","","false","","","","","","","","","QZW0PX4RRKZM","NA/Swaps Sgle Stk Tot Rtn","Act"
"1502050810","1502050765","TERM","ETRM","2025-05-05T08:53:00Z","","EQ","","N","","2025-05-05T08:49:32Z","2025-05-06","2026-11-18","","FALSE","BILT","","","","5","","EUR","","","","5","","","","SHAS","","","","","","","","","","","","","","","","","","","","","243.2674","ACCY","0","","","","","","false","EUR","1","3","","","","","A004","","MNTH","","1","","","","MNTH","","","","1","","","","","EUR","","","","false","","SAF.PA","","RIC","","","","OPET","","","false","","","","","","","","","QZ66ZWF51ZXH","NA/Swaps Sgle Stk Tot Rtn","PROV.ECHANGE"
"1502050811","1499910724","MODI","TRAD","2025-05-05T08:53:14Z","true","EQ","","N","","2025-05-02T16:46:11Z","2025-05-06","2026-11-18","","FALSE","BILT","","","","11,000","","EUR","","","","11,000","","","","SHAS","","","","","","","","","","","","","","","","","","","","","1.00533231792","ACCY","0.003","","","","","","false","EUR","1","3","","","","","A004","","MNTH","","1","","","","MNTH","","","","1","","","","","EUR","","","","false","","SEQUA.BR","","RIC","","","","OPET","","","false","","","","","","","","","QZWG2T3M6XPH","NA/Swaps Sgle Stk Tot Rtn","Shs"
"1502050812","1502050787","TERM","ETRM","2025-05-05T08:53:40Z","","EQ","","N","","2025-05-05T08:49:50Z","2025-05-06","2026-11-18","","FALSE","BILT","","","","5","","EUR","","","","5","","","","SHAS","","","","","","","","","","","","","","","","","","","","","96.24413","ACCY","0","","","","","","false","EUR","1","3","","","","","A004","","MNTH","","1","","","","MNTH","","","","1","","","","","EUR","","","","false","","PERP.PA","","RIC","","","","OPET","","","false","","","","","","","","","QZDMBJ214JBS","NA/Swaps Sgle Stk Tot Rtn","ORD."
"1502050813","1502050776","TERM","ETRM","2025-05-05T08:53:33Z","","EQ","","N","","2025-05-05T08:49:46Z","2025-05-06","2026-11-18","","FALSE","BILT","","","","5","","EUR","","","","5","","","","SHAS","","","","","","","","","","","","","","","","","","","","","4.069","ACCY","0","","","","","","false","EUR","1","3","","","","","A004","","MNTH","","1","","","","MNTH","","","","1","","","","","EUR","","","","false","","KPN.AS","","RIC","","","","OPET","","","false","","","","","","","","","QZR31C46S10R","NA/Swaps Sgle Stk Tot Rtn","KPN KON"
"1502050814","1502050769","TERM","ETRM","2025-05-05T08:53:46Z","","EQ","","N","","2025-05-05T08:49:54Z","2025-05-06","2026-11-18","","FALSE","BILT","","","","5","","EUR","","","","5","","","","SHAS","","","","","","","","","","","","","","","","","","","","","6.98","ACCY","0","","","","","","false","EUR","1","3","","","","","A004","","MNTH","","1","","","","MNTH","","","","1","","","","","EUR","","","","false","","BITTI.HE","","RIC","","","","OPET","","","false","","","","","","","","","QZ3BF4VQQ5WK","NA/Swaps Sgle Stk Tot Rtn","BITTIUM OYJ"
"1502050815","1499923099","MODI","TRAD","2025-05-05T08:53:26Z","true","EQ","","N","","2025-05-02T16:51:07Z","2025-05-06","2026-11-18","","FALSE","BILT","","","","690,000","","EUR","","","","19,000","","","","SHAS","","","","","","","","","","","","","","","","","","","","","36.9735756","ACCY","0.003","","","","","","false","EUR","1","3","","","","","A004","","MNTH","","1","","","","MNTH","","","","1","","","","","EUR","","","","false","","PSHG_p.DE","","RIC","","","","OPET","","","false","","","","","","","","","QZBD16KCLXJD","NA/Swaps Sgle Stk Tot Rtn","Porsche Automobil Holding SEInhaber-Vorzugsaktien o.St.o.N"
"1502050816","1499937967","TERM","ETRM","2025-05-05T08:53:09Z","","EQ","","N","","2025-05-02T16:57:16Z","2025-05-06","2026-11-18","","FALSE","BILT","","","","5","","EUR","","","","5","","","","SHAS","","","","","","","","","","","","","","","","","","","","","351.21892","ACCY","0","","","","","","false","EUR","1","3","","","","","A004","","MNTH","","1","","","","MNTH","","","","1","","","","","EUR","","","","false","","UNH.DE","","RIC","","","","OPET","","","false","","","","","","","","","QZF6KNFZCFMF","NA/Swaps Sgle Stk Tot Rtn","COM"
"1502050817","1502050780","TERM","ETRM","2025-05-05T08:53:56Z","","EQ","","N","","2025-05-05T08:49:57Z","2025-05-06","2026-11-18","","FALSE","BILT","","","","5","","EUR","","","","5","","","","SHAS","","","","","","","","","","","","","","","","","","","","","27.08","ACCY","0","","","","","","false","EUR","1","3","","","","","A004","","MNTH","","1","","","","MNTH","","","","1","","","","","EUR","","","","false","","VALMT.HE","","RIC","","","","OPET","","","false","","","","","","","","","QZ3DQNM937L6","NA/Swaps Sgle Stk Tot Rtn","VALMET"
"1502050818","1499910723","MODI","TRAD","2025-05-05T08:53:40Z","true","EQ","","N","","2025-05-02T16:46:42Z","2025-05-06","2026-11-18","","FALSE","BILT","","","","330,000","","EUR","","","","72,000","","","","SHAS","","","","","","","","","","","","","","","","","","","","","4.57431977366","ACCY","0.001","","","","","","false","EUR","1","3","","","","","A004","","MNTH","","1","","","","MNTH","","","","1","","","","","EUR","","","","false","","TEF.MC","","RIC","","","","OPET","","","false","","","","","","","","","QZC02B4H33JG","NA/Swaps Sgle Stk Tot Rtn","TELEFONICA, S.A., ACCIONES POR DESDOBLAMIENTO"
"1502050819","1502050791","TERM","ETRM","2025-05-05T08:53:26Z","","EQ","","N","","2025-05-05T08:49:43Z","2025-05-06","2026-11-18","","FALSE","BILT","","","","5","","EUR","","","","5","","","","SHAS","","","","","","","","","","","","","","","","","","","","","10.848","ACCY","0","","","","","","false","EUR","1","3","","","","","A004","","MNTH","","1","","","","MNTH","","","","1","","","","","EUR","","","","false","","QRF.BR","","RIC","","","","OPET","","","false","","","","","","","","","QZDTXTPP30LR","NA/Swaps Sgle Stk Tot Rtn","Shs"
"1502050820","1499928316","TERM","ETRM","2025-05-05T08:53:33Z","","EQ","","N","","2025-05-02T16:52:27Z","2025-05-06","2026-11-18","","FALSE","BILT","","","","5","","EUR","","","","5","","","","SHAS","","","","","","","","","","","","","","","","","","","","","23.7992","ACCY","0","","","","","","false","EUR","1","3","","","","","A004","","MNTH","","1","","","","MNTH","","","","1","","","","","EUR","","","","false","","VOES.VI","","RIC","","","","OPET","","","false","","","","","","","","","QZ6DV4SKJKVW","NA/Swaps Sgle Stk Tot Rtn","VOESTALPINE AG AKTIEN OHNE NENNWERT"
"1502050821","1499929671","TERM","ETRM","2025-05-05T08:53:14Z","","EQ","","N","","2025-05-02T16:47:22Z","2025-05-06","2026-11-18","","FALSE","BILT","","","","5","","EUR","","","","5","","","","SHAS","","","","","","","","","","","","","","","","","","","","","52.23","ACCY","0","","","","","","false","EUR","1","3","","","","","A004","","MNTH","","1","","","","MNTH","","","","1","","","","","EUR","","","","false","","VLAN.AS","","RIC","","","","OPET","","","false","","","","","","","","","QZLDK7CRNZPT","NA/Swaps Sgle Stk Tot Rtn","VAN LANSCHOT"
"1502050822","1499942757","TERM","ETRM","2025-05-05T08:52:14Z","","EQ","","N","","2025-05-02T16:49:57Z","2025-05-06","2026-11-18","","FALSE","BILT","","","","5","","EUR","","","","5","","","","SHAS","","","","","","","","","","","","","","","","","","","","","67.17869","ACCY","0","","","","","","false","EUR","1","3","","","","","A004","","MNTH","","1","","","","MNTH","","","","1","","","","","EUR","","","","false","","AKE.PA","","RIC","","","","OPET","","","false","","","","","","","","","QZW0HZ8Z7WZ1","NA/Swaps Sgle Stk Tot Rtn","ORD."
"1502050823","1499954739","TERM","ETRM","2025-05-05T08:53:09Z","","EQ","","N","","2025-05-02T16:55:03Z","2025-05-06","2026-11-18","","FALSE","BILT","","","","5","","EUR","","","","5","","","","SHAS","","","","","","","","","","","","","","","","","","","","","10.65","ACCY","0","","","","","","false","EUR","1","3","","","","","A004","","MNTH","","1","","","","MNTH","","","","1","","","","","EUR","","","","false","","PRIM.MC","","RIC","","","","OPET","","","false","","","","","","","","","QZ32HW4BGWN9","NA/Swaps Sgle Stk Tot Rtn","PRIM, S.A., ACCIONES POR DESDOBLAMIENTO"
"1502050824","1499919463","MODI","TRAD","2025-05-05T08:52:22Z","true","EQ","","N","","2025-05-02T16:40:45Z","2025-05-06","2026-11-18","","FALSE","BILT","","","","13,000,000","","EUR","","","","9,300","","","","SHAS","","","","","","","","","","","","","","","","","","","","","1,411.844664","ACCY","0.003","","","","","","false","EUR","1","3","","","","","A004","","MNTH","","1","","","","MNTH","","","","1","","","","","EUR","","","","false","","ADYEN.AS","","RIC","","","","OPET","","","false","","","","","","","","","QZ3G9KJM6QHW","NA/Swaps Sgle Stk Tot Rtn","Adyen N.V. Ordinary Sh"
"1502050825","1499999501","TERM","ETRM","2025-05-05T08:53:14Z","","EQ","","N","","2025-05-02T18:48:10Z","2025-05-06","2026-11-18","","FALSE","BILT","","","","5","","EUR","","","","5","","","","SHAS","","","","","","","","","","","","","","","","","","","","","9.52","ACCY","0","","","","","","false","EUR","1","3","","","","","A004","","MNTH","","1","","","","MNTH","","","","1","","","","","EUR","","","","false","","STEAV.HE","","RIC","","","","OPET","","","false","","","","","","","","","QZH3CNZCH50N","NA/Swaps Sgle Stk Tot Rtn","STORA ENSO OYJ A"
"1502050826","","NEWT","TRAD","2025-05-05T08:53:26Z","","EQ","","N","","2025-05-05T08:49:43Z","2025-05-06","2026-11-18","","FALSE","BILT","","","","295","","EUR","","","","10","","","","SHAS","","","","","","","","","","","","","","","","","","","","","29.4998576616","ACCY","-0.0005","","","","","","false","EUR","1","3","","","","","A004","","MNTH","","1","","","","MNTH","","","","1","","","","","EUR","","","","false","","SHEL.AS","","RIC","","","","OPET","","","false","","","","","","","","","QZ9PNQ3VJKVC","NA/Swaps Sgle Stk Tot Rtn","ORD EUR0.07"
"1502050827","","NEWT","TRAD","2025-05-05T08:52:14Z","","EQ","","N","","2025-05-05T08:49:10Z","2025-05-06","2026-11-18","","FALSE","BILT","","","","15,000","","EUR","","","","915","","","","SHAS","","","","","","","","","","","","","","","","","","","","","16.39344","ACCY","0.003","","","","","","false","EUR","1","3","","","","","A004","","MNTH","","1","","","","MNTH","","","","1","","","","","EUR","","","","false","","BKHTn.DE","","RIC","","","","OPET","","","false","","","","","","","","","QZ3Q8N1QW6HP","NA/Swaps Sgle Stk Tot Rtn","Brockhaus Technologies AGNamens-Aktien o.N."
"1502050828","1499942881","MODI","TRAD","2025-05-05T08:53:09Z","true","EQ","","N","","2025-05-02T16:50:42Z","2025-05-06","2026-11-18","","FALSE","BILT","","","","4,600","","EUR","","","","10","","","","SHAS","","","","","","","","","","","","","","","","","","","","","425.0165285","ACCY","0.003","","","","","","false","EUR","1","3","","","","","A004","","MNTH","","1","","","","MNTH","","","","1","","","","","EUR","","","","false","","LMT.DE","","RIC","","","","OPET","","","false","","","","","","","","","QZD4R3DKKD5X","NA/Swaps Sgle Stk Tot Rtn","No name obtainable"
"1502050829","1499950911","TERM","ETRM","2025-05-05T08:53:09Z","","EQ","","N","","2025-05-02T16:52:07Z","2025-05-06","2026-11-18","","FALSE","BILT","","","","5","","EUR","","","","5","","","","SHAS","","","","","","","","","","","","","","","","","","","","","5.67","ACCY","0","","","","","","false","EUR","1","3","","","","","A004","","MNTH","","1","","","","MNTH","","","","1","","","","","EUR","","","","false","","TNIE.DE","","RIC","","","","OPET","","","false","","","","","","","","","QZFCNWD1MC72","NA/Swaps Sgle Stk Tot Rtn","SHS TONIES SE ORD REG (A SHARES)"
"1502050830","","NEWT","TRAD","2025-05-05T08:53:09Z","","EQ","","N","","2025-05-05T08:49:35Z","2025-05-06","2026-11-18","","FALSE","BILT","","","","16,000","","EUR","","","","2,000","","","","SHAS","","","","","","","","","","","","","","","","","","","","","8.171595","ACCY","0.001","","","","","","false","EUR","1","3","","","","","A004","","MNTH","","1","","","","MNTH","","","","1","","","","","EUR","","","","false","","TFFP.PA","","RIC","","","","OPET","","","false","","","","","","","","","QZ2M6VM5XJ8N","NA/Swaps Sgle Stk Tot Rtn","TF1"
"1502050831","1502050756","TERM","ETRM","2025-05-05T08:53:26Z","","EQ","","N","","2025-05-05T08:49:43Z","2025-05-06","2026-11-18","","FALSE","BILT","","","","5","","EUR","","","","5","","","","SHAS","","","","","","","","","","","","","","","","","","","","","2.75","ACCY","0","","","","","","false","EUR","1","3","","","","","A004","","MNTH","","1","","","","MNTH","","","","1","","","","","EUR","","","","false","","LINDEX.HE","","RIC","","","","OPET","","","false","","","","","","","","","QZM2XP48FJZR","NA/Swaps Sgle Stk Tot Rtn","STOCKMANN OYJ ABP"
"1502050832","","NEWT","TRAD","2025-05-05T08:53:33Z","","EQ","","N","","2025-05-05T08:49:46Z","2025-05-06","2026-11-18","","FALSE","BILT","","","","1,200","","EUR","","","","15","","","","SHAS","","","","","","","","","","","","","","","","","","","","","74.9997772218","ACCY","0.003","","","","","","false","EUR","1","3","","","","","A004","","MNTH","","1","","","","MNTH","","","","1","","","","","EUR","","","","false","","VETO.PA","","RIC","","","","OPET","","","false","","","","","","","","","QZ0JJJ735B3F","NA/Swaps Sgle Stk Tot Rtn","ORD"
"1502050833","1499954374","MODI","TRAD","2025-05-05T08:53:56Z","true","EQ","","N","","2025-05-02T16:54:03Z","2025-05-06","2026-11-18","","FALSE","BILT","","","","8,100","","EUR","","","","1,500","","","","SHAS","","","","","","","","","","","","","","","","","","","","","5.343687","ACCY","0.003","","","","","","false","EUR","1","3","","","","","A004","","MNTH","","1","","","","MNTH","","","","1","","","","","EUR","","","","false","","NYXH.BR","","RIC","","","","OPET","","","false","","","","","","","","","QZXCR4FP9GLD","NA/Swaps Sgle Stk Tot Rtn","Shs"
"1502050834","","NEWT","TRAD","2025-05-05T08:53:51Z","","EQ","","N","","2025-05-05T08:49:57Z","2025-05-06","2026-11-18","","FALSE","BILT","","","","20,000","","EUR","","","","1,100","","","","SHAS","","","","","","","","","","","","","","","","","","","","","17.4671596256","ACCY","0.003","","","","","","false","EUR","1","3","","","","","A004","","MNTH","","1","","","","MNTH","","","","1","","","","","EUR","","","","false","","REDE.MC","","RIC","","","","OPET","","","false","","","","","","","","","QZZK78STSVC6","NA/Swaps Sgle Stk Tot Rtn","REDEIA CORPORACION, S.A., ACCIONES DESDOBLAMIENTO - ANT. RED ELECTRICA CORPORACION, S.A."
"1502050835","1499923083","TERM","ETRM","2025-05-05T08:53:09Z","","EQ","","N","","2025-05-02T16:51:07Z","2025-05-06","2026-11-18","","FALSE","BILT","","","","5","","EUR","","","","5","","","","SHAS","","","","","","","","","","","","","","","","","","","","","23.94801","ACCY","0","","","","","","false","EUR","1","3","","","","","A004","","MNTH","","1","","","","MNTH","","","","1","","","","","EUR","","","","false","","RBIV.VI","","RIC","","","","OPET","","","false","","","","","","","","","QZWRGF2LB5Z9","NA/Swaps Sgle Stk Tot Rtn","RAIFFEISEN BANK INTERNAT.AG AKTIEN OHNE NENNWERT"
"1502050836","","NEWT","TRAD","2025-05-05T08:52:22Z","","EQ","","N","","2025-05-05T08:49:15Z","2025-05-06","2026-11-18","","FALSE","BILT","","","","1,000","","EUR","","","","8,600","","","","SHAS","","","","","","","","","","","","","","","","","","","","","0.11690487","ACCY","-1.28","","","","","","false","EUR","1","3","","","","","A004","","MNTH","","1","","","","MNTH","","","","1","","","","","EUR","","","","false","","ALSPW.PA","","RIC","","","","OPET","","","false","","","","","","","","","QZVP2N7MNBP9","NA/Swaps Sgle Stk Tot Rtn","SPINEWAY REGRP 2023"
"1502050837","1499921129","TERM","ETRM","2025-05-05T08:53:26Z","","EQ","","N","","2025-05-02T16:46:11Z","2025-05-06","2026-11-18","","FALSE","BILT","","","","5","","EUR","","","","5","","","","SHAS","","","","","","","","","","","","","","","","","","","","","4.542","ACCY","0","","","","","","false","EUR","1","3","","","","","A004","","MNTH","","1","","","","MNTH","","","","1","","","","","EUR","","","","false","","SESFd.PA","","RIC","","","","OPET","","","false","","","","","","","","","QZSD4Q4WHG39","NA/Swaps Sgle Stk Tot Rtn","GDR SES S.A. BR FDR"
"1502050838","","NEWT","TRAD","2025-05-05T08:53:26Z","","EQ","","N","","2025-05-05T08:49:43Z","2025-05-06","2026-11-18","","FALSE","BILT","","","","8,100","","EUR","","","","670","","","","SHAS","","","","","","","","","","","","","","","","","","","","","12.107671328","ACCY","0.003","","","","","","false","EUR","1","3","","","","","A004","","MNTH","","1","","","","MNTH","","","","1","","","","","EUR","","","","false","","SLIGR.AS","","RIC","","","","OPET","","","false","","","","","","","","","QZTWH7J0MQH0","NA/Swaps Sgle Stk Tot Rtn","KEMPEN SLIGRO FOOD GROUP AAND"
"1502050839","1499950873","MODI","TRAD","2025-05-05T08:53:14Z","true","EQ","","N","","2025-05-02T16:52:07Z","2025-05-06","2026-11-18","","FALSE","BILT","","","","4,800","","EUR","","","","35","","","","SHAS","","","","","","","","","","","","","","","","","","","","","129.89268","ACCY","-0.003","","","","","","false","EUR","1","3","","","","","A004","","MNTH","","1","","","","MNTH","","","","1","","","","","EUR","","","","false","","STF.PA","","RIC","","","","OPET","","","false","","","","","","","","","QZL76T85CXK8","NA/Swaps Sgle Stk Tot Rtn","ORD."
"1502050840","1499934385","MODI","TRAD","2025-05-05T08:53:14Z","true","EQ","","N","","2025-05-02T16:46:56Z","2025-05-06","2026-11-18","","FALSE","BILT","","","","22,000","","EUR","","","","660","","","","SHAS","","","","","","","","","","","","","","","","","","","","","33.7631625","ACCY","0.003","","","","","","false","EUR","1","3","","","","","A004","","MNTH","","1","","","","MNTH","","","","1","","","","","EUR","","","","false","","VELD.BR","","RIC","","","","OPET","","","false","","","","","","","","","QZX5PDSBMLPD","NA/Swaps Sgle Stk Tot Rtn","Act"
"1502050841","1499918759","TERM","ETRM","2025-05-05T08:53:00Z","","EQ","","N","","2025-05-02T16:44:32Z","2025-05-06","2026-11-18","","FALSE","BILT","","","","5","","EUR","","","","5","","","","SHAS","","","","","","","","","","","","","","","","","","","","","3.13","ACCY","0","","","","","","false","EUR","1","3","","","","","A004","","MNTH","","1","","","","MNTH","","","","1","","","","","EUR","","","","false","","CECG.DE","","RIC","","","","OPET","","","false","","","","","","","","","QZNC5BXSN55K","NA/Swaps Sgle Stk Tot Rtn","CECONOMY AGInhaber-Aktien o.N."
"1502050842","1499950397","MODI","TRAD","2025-05-05T08:53:26Z","true","EQ","","N","","2025-05-02T16:52:27Z","2025-05-06","2026-11-18","","FALSE","BILT","","","","24,000","","EUR","","","","17,000","","","","SHAS","","","","","","","","","","","","","","","","","","","","","1.44517604","ACCY","0.001","","","","","","false","EUR","1","3","","","","","A004","","MNTH","","1","","","","MNTH","","","","1","","","","","EUR","","","","false","","PVAC.PA","","RIC","","","","OPET","","","false","","","","","","","","","QZNR4H88N36F","NA/Swaps Sgle Stk Tot Rtn","PIERRE ET VACANCES"
"1502050843","","NEWT","TRAD","2025-05-05T08:53:09Z","","EQ","","N","","2025-05-05T08:49:35Z","2025-05-06","2026-11-18","","FALSE","BILT","","","","180,000","","EUR","","","","56,000","","","","SHAS","","","","","","","","","","","","","","","","","","","","","3.24224224","ACCY","0.003","","","","","","false","EUR","1","3","","","","","A004","","MNTH","","1","","","","MNTH","","","","1","","","","","EUR","","","","false","","SCYR.MC","","RIC","","","","OPET","","","false","","","","","","","","","QZD4556HR8VM","NA/Swaps Sgle Stk Tot Rtn","SACYR, S.A. -ANT. SACYR VALLEHERMOSO, S.A. -ANT. VALLEHERMOSO, S.A., ACCIONES POR DESDOBLAMIENTO"
"1502050844","","NEWT","TRAD","2025-05-05T08:53:14Z","","EQ","","N","","2025-05-05T08:49:39Z","2025-05-06","2026-11-18","","FALSE","BILT","","","","665","","EUR","","","","70","","","","SHAS","","","","","","","","","","","","","","","","","","","","","9.6377280608","ACCY","0.002","","","","","","false","EUR","1","3","","","","","A004","","MNTH","","1","","","","MNTH","","","","1","","","","","EUR","","","","false","","NCH2.DE","","RIC","","","","OPET","","","false","","","","","","","","","QZQZS7M4GB4L","NA/Swaps Sgle Stk Tot Rtn","thyssenkrupp nucera AG&Co.KGaAInhaber-Aktien o.N."
"1502050845","1495756125","MODI","TRAD","2025-05-05T08:53:40Z","true","EQ","","N","","2025-04-29T17:22:40Z","2025-05-02","2026-11-18","","FALSE","BILT","","","","3,000,000","","EUR","","","","29,000","","","","SHAS","","","","","","","","","","","","","","","","","","","","","105.43637918","ACCY","0.003","","","","","","false","EUR","1","3","","","","","A004","","MNTH","","1","","","","MNTH","","","","1","","","","","EUR","","","","false","","TLXGn.DE","","RIC","","","","OPET","","","false","","","","","","","","","QZ7DGZDL91CX","NA/Swaps Sgle Stk Tot Rtn","Talanx AGNamens-Aktien o.N."
"1502050846","1499919262","TERM","ETRM","2025-05-05T08:53:46Z","","EQ","","N","","2025-05-02T16:44:15Z","2025-05-06","2026-11-18","","FALSE","BILT","","","","5","","EUR","","","","5","","","","SHAS","","","","","","","","","","","","","","","","","","","","","6.97575","ACCY","0","","","","","","false","EUR","1","3","","","","","A004","","MNTH","","1","","","","MNTH","","","","1","","","","","EUR","","","","false","","BITTI.HE","","RIC","","","","OPET","","","false","","","","","","","","","QZ3BF4VQQ5WK","NA/Swaps Sgle Stk Tot Rtn","BITTIUM OYJ"
"1502050847","1499999532","TERM","ETRM","2025-05-05T08:53:26Z","","EQ","","N","","2025-05-02T18:48:10Z","2025-05-06","2026-11-18","","FALSE","BILT","","","","5","","EUR","","","","5","","","","SHAS","","","","","","","","","","","","","","","","","","","","","30.8","ACCY","0","","","","","","false","EUR","1","3","","","","","A004","","MNTH","","1","","","","MNTH","","","","1","","","","","EUR","","","","false","","SDGI.PA","","RIC","","","","OPET","","","false","","","","","","","","","QZ4G8TNT8LVS","NA/Swaps Sgle Stk Tot Rtn","SYNERGIE"
"1502050848","","NEWT","TRAD","2025-05-05T08:53:51Z","","EQ","","N","","2025-05-05T08:49:57Z","2025-05-06","2026-11-18","","FALSE","BILT","","","","250,000","","EUR","","","","140,000","","","","SHAS","","","","","","","","","","","","","","","","","","","","","1.73420184","ACCY","0.003","","","","","","false","EUR","1","3","","","","","A004","","MNTH","","1","","","","MNTH","","","","1","","","","","EUR","","","","false","","UNI.MC","","RIC","","","","OPET","","","false","","","","","","","","","QZSBN77Q8ZV8","NA/Swaps Sgle Stk Tot Rtn","UNICAJA BANCO, S.A., ACCIONES"
"1502050849","","NEWT","TRAD","2025-05-05T08:53:56Z","","EQ","","N","","2025-05-05T08:50:00Z","2025-05-06","2026-11-18","","FALSE","BILT","","","","4,000,000","","EUR","","","","7,100","","","","SHAS","","","","","","","","","","","","","","","","","","","","","560.305284","ACCY","0.003","","","","","","false","EUR","1","3","","","","","A004","","MNTH","","1","","","","MNTH","","","","1","","","","","EUR","","","","false","","MUVGn.DE","","RIC","","","","OPET","","","false","","","","","","","","","QZGPG1GQRWHG","NA/Swaps Sgle Stk Tot Rtn","Münchener Rückvers.-Ges. AGvink.Namens-Aktien o.N."
"1502050850","1499954865","MODI","TRAD","2025-05-05T08:53:00Z","true","EQ","","N","","2025-05-02T16:54:58Z","2025-05-06","2026-11-18","","FALSE","BILT","","","","80,000","","EUR","","","","12,000","","","","SHAS","","","","","","","","","","","","","","","","","","","","","6.95212448","ACCY","-0.003","","","","","","false","EUR","1","3","","","","","A004","","MNTH","","1","","","","MNTH","","","","1","","","","","EUR","","","","false","","TUI1n.DE","","RIC","","","","OPET","","","false","","","","","","","","","QZ60HH78T6DR","NA/Swaps Sgle Stk Tot Rtn","TUI AGNamens-Aktien o.N."
"1502050851","1499920146","MODI","TRAD","2025-05-05T08:53:26Z","true","EQ","","N","","2025-05-02T16:44:39Z","2025-05-06","2026-11-18","","FALSE","BILT","","","","12,000","","EUR","","","","1,100","","","","SHAS","","","","","","","","","","","","","","","","","","","","","10.885881","ACCY","0.003","","","","","","false","EUR","1","3","","","","","A004","","MNTH","","1","","","","MNTH","","","","1","","","","","EUR","","","","false","","MVC.MC","","RIC","","","","OPET","","","false","","","","","","","","","QZRN3LMVP2K3","NA/Swaps Sgle Stk Tot Rtn","METROVACESA, S.A., ACCIONES CONTRASPLIT"
"1502050852","1499928704","TERM","ETRM","2025-05-05T08:53:00Z","","EQ","","N","","2025-05-02T16:45:51Z","2025-05-06","2026-11-18","","FALSE","BILT","","","","5","","EUR","","","","5","","","","SHAS","","","","","","","","","","","","","","","","","","","","","39","ACCY","0","","","","","","false","EUR","1","3","","","","","A004","","MNTH","","1","","","","MNTH","","","","1","","","","","EUR","","","","false","","RBAV.VI","","RIC","","","","OPET","","","false","","","","","","","","","QZJKX7VTMFZ1","NA/Swaps Sgle Stk Tot Rtn","ROSENBAUER INTERNATIONAL AG AKTIEN OHNE NENNWERT"
"1502050853","","NEWT","TRAD","2025-05-05T08:53:46Z","","EQ","","N","","2025-05-05T08:49:54Z","2025-05-06","2026-11-18","","FALSE","BILT","","","","490,000","","EUR","","","","9,100","","","","SHAS","","","","","","","","","","","","","","","","","","","","","53.9587505593","ACCY","0.003","","","","","","false","EUR","1","3","","","","","A004","","MNTH","","1","","","","MNTH","","","","1","","","","","EUR","","","","false","","NN.AS","","RIC","","","","OPET","","","false","","","","","","","","","QZDRF8ZWSKBM","NA/Swaps Sgle Stk Tot Rtn","No name obtainable"
"1502050854","","NEWT","TRAD","2025-05-05T08:53:33Z","","EQ","","N","","2025-05-05T08:49:46Z","2025-05-06","2026-11-18","","FALSE","BILT","","","","780","","EUR","","","","5","","","","SHAS","","","","","","","","","","","","","","","","","","","","","155.999616","ACCY","-0.01","","","","","","false","EUR","1","3","","","","","A004","","MNTH","","1","","","","MNTH","","","","1","","","","","EUR","","","","false","","PV.DE","","RIC","","","","OPET","","","false","","","","","","","","","QZN825F45NQV","NA/Swaps Sgle Stk Tot Rtn","Pfeiffer Vacuum Technology AGInhaber-Aktien o.N."
"1502050855","1499999411","TERM","ETRM","2025-05-05T08:53:09Z","","EQ","","N","","2025-05-02T18:47:57Z","2025-05-06","2026-11-18","","FALSE","BILT","","","","5","","EUR","","","","5","","","","SHAS","","","","","","","","","","","","","","","","","","","","","28.35","ACCY","0","","","","","","false","EUR","1","3","","","","","A004","","MNTH","","1","","","","MNTH","","","","1","","","","","EUR","","","","false","","LENV.VI","","RIC","","","","OPET","","","false","","","","","","","","","QZ9VMKP0K8B4","NA/Swaps Sgle Stk Tot Rtn","LENZING AG AKTIEN OHNE NENNWERT"
"1502050856","1499951478","TERM","ETRM","2025-05-05T08:53:33Z","","EQ","","N","","2025-05-02T16:52:20Z","2025-05-06","2026-11-18","","FALSE","BILT","","","","5","","EUR","","","","5","","","","SHAS","","","","","","","","","","","","","","","","","","","","","61.66","ACCY","0","","","","","","false","EUR","1","3","","","","","A004","","MNTH","","1","","","","MNTH","","","","1","","","","","EUR","","","","false","","UAL1.DE","","RIC","","","","OPET","","","false","","","","","","","","","QZXJ5FNTS8WF","NA/Swaps Sgle Stk Tot Rtn","COM"
"1502050857","1499927136","MODI","TRAD","2025-05-05T08:53:46Z","true","EQ","","N","","2025-05-02T16:46:27Z","2025-05-06","2026-11-18","","FALSE","BILT","","","","810,000","","EUR","","","","3,400","","","","SHAS","","","","","","","","","","","","","","","","","","","","","235.382466","ACCY","0.003","","","","","","false","EUR","1","3","","","","","A004","","MNTH","","1","","","","MNTH","","","","1","","","","","EUR","","","","false","","SATG_p.DE","","RIC","","","","OPET","","","false","","","","","","","","","QZQTXGB5RB56","NA/Swaps Sgle Stk Tot Rtn","Sartorius AGVorzugsaktien o.St. o.N."
"1502050858","1499957583","MODI","TRAD","2025-05-05T08:53:26Z","true","EQ","","N","","2025-05-02T16:57:11Z","2025-05-06","2026-11-18","","FALSE","BILT","","","","1,000,000","","EUR","","","","35,000","","","","SHAS","","","","","","","","","","","","","","","","","","","","","28.6649886","ACCY","0.003","","","","","","false","EUR","1","3","","","","","A004","","MNTH","","1","","","","MNTH","","","","1","","","","","EUR","","","","false","","SHEL.AS","","RIC","","","","OPET","","","false","","","","","","","","","QZ9PNQ3VJKVC","NA/Swaps Sgle Stk Tot Rtn","ORD EUR0.07"
"1502050859","","NEWT","TRAD","2025-05-05T08:53:51Z","","EQ","","N","","2025-05-05T08:49:57Z","2025-05-06","2026-11-18","","FALSE","BILT","","","","1,600","","EUR","","","","15","","","","SHAS","","","","","","","","","","","","","","","","","","","","","94.11813","ACCY","0.003","","","","","","false","EUR","1","3","","","","","A004","","MNTH","","1","","","","MNTH","","","","1","","","","","EUR","","","","false","","LPER.PA","","RIC","","","","OPET","","","false","","","","","","","","","QZC939FWJKGZ","NA/Swaps Sgle Stk Tot Rtn","LAURENT PERRIER"
"1502050860","","NEWT","TRAD","2025-05-05T08:53:09Z","","EQ","","N","","2025-05-05T08:49:35Z","2025-05-06","2026-11-18","","FALSE","BILT","","","","23,000","","EUR","","","","365","","","","SHAS","","","","","","","","","","","","","","","","","","","","","63.1870334916","ACCY","0.003","","","","","","false","EUR","1","3","","","","","A004","","MNTH","","1","","","","MNTH","","","","1","","","","","EUR","","","","false","","VIS.MC","","RIC","","","","OPET","","","false","","","","","","","","","QZS04D4RDTFC","NA/Swaps Sgle Stk Tot Rtn","VISCOFAN, S.A., ACCIONES POR DESDOBLAMIENTO -ANT. VISCOFAN, IND. NAVARRA ENVOLTURAS CELULOSICAS, ACCIONES POR DESDOBLAMI"
"1502050861","","NEWT","TRAD","2025-05-05T08:52:14Z","","EQ","","N","","2025-05-05T08:49:10Z","2025-05-06","2026-11-18","","FALSE","BILT","","","","5,200","","EUR","","","","75","","","","SHAS","","","","","","","","","","","","","","","","","","","","","67.5327216963","ACCY","0.003","","","","","","false","EUR","1","3","","","","","A004","","MNTH","","1","","","","MNTH","","","","1","","","","","EUR","","","","false","","AKE.PA","","RIC","","","","OPET","","","false","","","","","","","","","QZW0HZ8Z7WZ1","NA/Swaps Sgle Stk Tot Rtn","ORD."
"1502050862","1499890445","TERM","ETRM","2025-05-05T08:52:43Z","","EQ","","N","","2025-05-02T16:41:09Z","2025-05-06","2026-11-18","","FALSE","BILT","","","","5","","EUR","","","","5","","","","SHAS","","","","","","","","","","","","","","","","","","","","","38.68","ACCY","0","","","","","","false","EUR","1","3","","","","","A004","","MNTH","","1","","","","MNTH","","","","1","","","","","EUR","","","","false","","BC8G.DE","","RIC","","","","OPET","","","false","","","","","","","","","QZ202DVNX08S","NA/Swaps Sgle Stk Tot Rtn","Bechtle AGInhaber-Aktien o.N."
"1502050863","1499907804","TERM","ETRM","2025-05-05T08:53:14Z","","EQ","","N","","2025-05-02T16:45:55Z","2025-05-06","2026-11-18","","FALSE","BILT","","","","5","","EUR","","","","5","","","","SHAS","","","","","","","","","","","","","","","","","","","","","0.926","ACCY","0","","","","","","false","EUR","1","3","","","","","A004","","MNTH","","1","","","","MNTH","","","","1","","","","","EUR","","","","false","","RLIA.MC","","RIC","","","","OPET","","","false","","","","","","","","","QZW0ZKMK95F6","NA/Swaps Sgle Stk Tot Rtn","REALIA BUSINESS, S.A., ACCIONES"
"1502050864","","NEWT","TRAD","2025-05-05T08:53:51Z","","EQ","","N","","2025-05-05T08:49:57Z","2025-05-06","2026-11-18","","FALSE","BILT","","","","5,100","","EUR","","","","70","","","","SHAS","","","","","","","","","","","","","","","","","","","","","71.830874","ACCY","-0.003","","","","","","false","EUR","1","3","","","","","A004","","MNTH","","1","","","","MNTH","","","","1","","","","","EUR","","","","false","","GBLB.BR","","RIC","","","","OPET","","","false","","","","","","","","","QZVH8PBJT2GD","NA/Swaps Sgle Stk Tot Rtn","Act."
"1502050865","1499999370","MODI","TRAD","2025-05-05T08:53:46Z","true","EQ","","N","","2025-05-02T18:47:51Z","2025-05-06","2026-11-18","","FALSE","BILT","","","","15,000","","EUR","","","","345","","","","SHAS","","","","","","","","","","","","","","","","","","","","","43.1143086","ACCY","0.003","","","","","","false","EUR","1","3","","","","","A004","","MNTH","","1","","","","MNTH","","","","1","","","","","EUR","","","","false","","ISOS.PA","","RIC","","","","OPET","","","false","","","","","","","","","QZBPCN5NC009","NA/Swaps Sgle Stk Tot Rtn","ORD."
"1502050866","","NEWT","TRAD","2025-05-05T08:53:26Z","","EQ","","N","","2025-05-05T08:49:43Z","2025-05-06","2026-11-18","","FALSE","BILT","","","","895","","EUR","","","","380","","","","SHAS","","","","","","","","","","","","","","","","","","","","","2.3614868","ACCY","0.003","","","","","","false","EUR","1","3","","","","","A004","","MNTH","","1","","","","MNTH","","","","1","","","","","EUR","","","","false","","SNGGk.DE","","RIC","","","","OPET","","","false","","","","","","","","","QZDVM7G81369","NA/Swaps Sgle Stk Tot Rtn","Singulus Technologies AGInhaber-Aktien EO 1"
"1502050867","1499951069","TERM","ETRM","2025-05-05T08:52:14Z","","EQ","","N","","2025-05-02T16:52:14Z","2025-05-06","2026-11-18","","FALSE","BILT","","","","5","","EUR","","","","5","","","","SHAS","","","","","","","","","","","","","","","","","","","","","16.95","ACCY","0","","","","","","false","EUR","1","3","","","","","A004","","MNTH","","1","","","","MNTH","","","","1","","","","","EUR","","","","false","","TKTT.PA","","RIC","","","","OPET","","","false","","","","","","","","","QZXLNRVXNH29","NA/Swaps Sgle Stk Tot Rtn","ORD."
"1502050868","1499999741","TERM","ETRM","2025-05-05T08:53:26Z","","EQ","","N","","2025-05-02T18:48:10Z","2025-05-06","2026-11-18","","FALSE","BILT","","","","5","","EUR","","","","5","","","","SHAS","","","","","","","","","","","","","","","","","","","","","2.36","ACCY","0","","","","","","false","EUR","1","3","","","","","A004","","MNTH","","1","","","","MNTH","","","","1","","","","","EUR","","","","false","","SNGGk.DE","","RIC","","","","OPET","","","false","","","","","","","","","QZDVM7G81369","NA/Swaps Sgle Stk Tot Rtn","Singulus Technologies AGInhaber-Aktien EO 1"
"1502050869","","NEWT","TRAD","2025-05-05T08:53:09Z","","EQ","","N","","2025-05-05T08:49:35Z","2025-05-06","2026-11-18","","FALSE","BILT","","","","10,000","","EUR","","","","75","","","","SHAS","","","","","","","","","","","","","","","","","","","","","129.8700322335","ACCY","0.002","","","","","","false","EUR","1","3","","","","","A004","","MNTH","","1","","","","MNTH","","","","1","","","","","EUR","","","","false","","RDC.DE","","RIC","","","","OPET","","","false","","","","","","","","","QZM15FJCL0BQ","NA/Swaps Sgle Stk Tot Rtn","SHOP APOTHEKE EUROPE"
"1502050870","1502049981","MODI","TRAD","2025-05-05T08:50:50Z","true","EQ","","N","","2025-05-05T08:50:50Z","2025-05-06","2026-11-18","","FALSE","BILT","","","","230,000","","EUR","","","","6,100","","","","SHAS","","","","","","","","","","","","","","","","","","","","","37.447182","ACCY","0.002","","","","","","false","EUR","1","3","","","","","A004","","MNTH","","1","","","","MNTH","","","","1","","","","","EUR","","","","false","","KGX.DE","","RIC","","","","OPET","","","false","","","","","","","","","QZFL35ZTDCFX","NA/Swaps Sgle Stk Tot Rtn","KION GROUP AGInhaber-Aktien o.N."
"1502050871","1502029571","MODI","TRAD","2025-05-05T08:53:56Z","true","EQ","","N","","2025-05-05T08:07:37Z","2025-05-06","2026-11-18","","FALSE","BILT","","","","1,000,000","","EUR","","","","4,900","","","","SHAS","","","","","","","","","","","","","","","","","","","","","203.79073","ACCY","0.003","","","","","","false","EUR","1","3","","","","","A004","","MNTH","","1","","","","MNTH","","","","1","","","","","EUR","","","","false","","SCHN.PA","","RIC","","","","OPET","","","false","","","","","","","","","QZG5FLRFKWMX","NA/Swaps Sgle Stk Tot Rtn","No name obtainable"
"1502050872","1499906364","TERM","ETRM","2025-05-05T08:53:33Z","","EQ","","N","","2025-05-02T16:44:39Z","2025-05-06","2026-11-18","","FALSE","BILT","","","","5","","EUR","","","","5","","","","SHAS","","","","","","","","","","","","","","","","","","","","","21.91462","ACCY","0","","","","","","false","EUR","1","3","","","","","A004","","MNTH","","1","","","","MNTH","","","","1","","","","","EUR","","","","false","","NB2.DE","","RIC","","","","OPET","","","false","","","","","","","","","QZQ6PXTRM3ZS","NA/Swaps Sgle Stk Tot Rtn","Northern Data AGInhaber-Aktien o.N."
"1502050873","1499907815","MODI","TRAD","2025-05-05T08:53:09Z","true","EQ","","N","","2025-05-02T16:45:55Z","2025-05-06","2026-11-18","","FALSE","BILT","","","","730,000","","EUR","","","","68,000","","","","SHAS","","","","","","","","","","","","","","","","","","","","","10.8031716","ACCY","-0.003","","","","","","false","EUR","1","3","","","","","A004","","MNTH","","1","","","","MNTH","","","","1","","","","","EUR","","","","false","","REP.MC","","RIC","","","","OPET","","","false","","","","","","","","","QZ7QHDRQG7ZN","NA/Swaps Sgle Stk Tot Rtn","REPSOL, S.A., ACCIONES POR DESDOBLAMIENTO -ANT. REPSOL YPF, S.A. -ANT. REPSOL, S.A."
"1502050874","","NEWT","TRAD","2025-05-05T08:53:51Z","","EQ","","N","","2025-05-05T08:49:57Z","2025-05-06","2026-11-18","","FALSE","BILT","","","","8,000","","EUR","","","","665","","","","SHAS","","","","","","","","","","","","","","","","","","","","","12.04824","ACCY","0.003","","","","","","false","EUR","1","3","","","","","A004","","MNTH","","1","","","","MNTH","","","","1","","","","","EUR","","","","false","","OVH.PA","","RIC","","","","OPET","","","false","","","","","","","","","QZLSTW6SBPML","NA/Swaps Sgle Stk Tot Rtn","No name obtainable"
"1502050875","1499929188","TERM","ETRM","2025-05-05T08:53:40Z","","EQ","","N","","2025-05-02T16:52:20Z","2025-05-06","2026-11-18","","FALSE","BILT","","","","5","","EUR","","","","5","","","","SHAS","","","","","","","","","","","","","","","","","","","","","5.16","ACCY","0","","","","","","false","EUR","1","3","","","","","A004","","MNTH","","1","","","","MNTH","","","","1","","","","","EUR","","","","false","","UBKG.DE","","RIC","","","","OPET","","","false","","","","","","","","","QZBV1XDT2S9V","NA/Swaps Sgle Stk Tot Rtn","UmweltBank AGInhaber-Aktien o.N."
"1502050877","1499907968","TERM","ETRM","2025-05-05T08:53:46Z","","EQ","","N","","2025-05-02T16:46:03Z","2025-05-06","2026-11-18","","FALSE","BILT","","","","5","","EUR","","","","5","","","","SHAS","","","","","","","","","","","","","","","","","","","","","31.95","ACCY","0","","","","","","false","EUR","1","3","","","","","A004","","MNTH","","1","","","","MNTH","","","","1","","","","","EUR","","","","false","","SBOE.VI","","RIC","","","","OPET","","","false","","","","","","","","","QZ8QB1056BL5","NA/Swaps Sgle Stk Tot Rtn","No name obtainable"
"1502050878","1499999540","TERM","ETRM","2025-05-05T08:53:26Z","","EQ","","N","","2025-05-02T18:48:03Z","2025-05-06","2026-11-18","","FALSE","BILT","","","","5","","EUR","","","","5","","","","SHAS","","","","","","","","","","","","","","","","","","","","","54.66472","ACCY","0","","","","","","false","EUR","1","3","","","","","A004","","MNTH","","1","","","","MNTH","","","","1","","","","","EUR","","","","false","","R3NK.DE","","RIC","","","","OPET","","","false","","","","","","","","","QZRNJ99NB3HQ","NA/Swaps Sgle Stk Tot Rtn","RENK Group AGInhaber-Aktien o.N."
"1502050879","1499930059","TERM","ETRM","2025-05-05T08:53:09Z","","EQ","","N","","2025-05-02T16:53:20Z","2025-05-06","2026-11-18","","FALSE","BILT","","","","5","","EUR","","","","5","","","","SHAS","","","","","","","","","","","","","","","","","","","","","131.00321","ACCY","0","","","","","","false","EUR","1","3","","","","","A004","","MNTH","","1","","","","MNTH","","","","1","","","","","EUR","","","","false","","RDC.DE","","RIC","","","","OPET","","","false","","","","","","","","","QZM15FJCL0BQ","NA/Swaps Sgle Stk Tot Rtn","SHOP APOTHEKE EUROPE"
"1502050880","1499923976","TERM","ETRM","2025-05-05T08:53:26Z","","EQ","","N","","2025-05-02T16:51:12Z","2025-05-06","2026-11-18","","FALSE","BILT","","","","5","","EUR","","","","5","","","","SHAS","","","","","","","","","","","","","","","","","","","","","12.08833","ACCY","0","","","","","","false","EUR","1","3","","","","","A004","","MNTH","","1","","","","MNTH","","","","1","","","","","EUR","","","","false","","SLIGR.AS","","RIC","","","","OPET","","","false","","","","","","","","","QZTWH7J0MQH0","NA/Swaps Sgle Stk Tot Rtn","KEMPEN SLIGRO FOOD GROUP AAND"
"1502050881","1471382343","MODI","TRAD","2025-05-05T08:51:15Z","true","EQ","","N","","2025-04-11T16:49:36Z","2025-04-15","2026-11-18","","FALSE","BILT","","","","79,000,000","","EUR","","","","640,000","","","","SHAS","","","","","","","","","","","","","","","","","","","","","126.2568465","ACCY","0.003","","","","","","false","EUR","1","3","","","","","A004","","MNTH","","1","","","","MNTH","","","","1","","","","","EUR","","","","false","","SGEF.PA","","RIC","","","","OPET","","","false","","","","","","","","","QZK37SC82HXZ","NA/Swaps Sgle Stk Tot Rtn","ORD"
"1502050882","1499923781","MODI","TRAD","2025-05-05T08:53:56Z","true","EQ","","N","","2025-05-02T16:51:00Z","2025-05-06","2026-11-18","","FALSE","BILT","","","","680,000","","EUR","","","","30,000","","","","SHAS","","","","","","","","","","","","","","","","","","","","","22.5639136","ACCY","0.003","","","","","","false","EUR","1","3","","","","","A004","","MNTH","","1","","","","MNTH","","","","1","","","","","EUR","","","","false","","PHG.AS","","RIC","","","","OPET","","","false","","","","","","","","","QZX4FV0TFVHS","NA/Swaps Sgle Stk Tot Rtn","PHILIPS KON"
"1502050883","","NEWT","TRAD","2025-05-05T08:53:26Z","","EQ","","N","","2025-05-05T08:49:43Z","2025-05-06","2026-11-18","","FALSE","BILT","","","","3,600","","EUR","","","","75","","","","SHAS","","","","","","","","","","","","","","","","","","","","","47.3683019","ACCY","-0.003","","","","","","false","EUR","1","3","","","","","A004","","MNTH","","1","","","","MNTH","","","","1","","","","","EUR","","","","false","","RENA.DE","","RIC","","","","OPET","","","false","","","","","","","","","QZ3DP4STP82K","NA/Swaps Sgle Stk Tot Rtn","RENAULT"
"1502050884","1499939391","TERM","ETRM","2025-05-05T08:53:46Z","","EQ","","N","","2025-05-02T16:56:45Z","2025-05-06","2026-11-18","","FALSE","BILT","","","","5","","EUR","","","","5","","","","SHAS","","","","","","","","","","","","","","","","","","","","","54.41749","ACCY","0","","","","","","false","EUR","1","3","","","","","A004","","MNTH","","1","","","","MNTH","","","","1","","","","","EUR","","","","false","","NN.AS","","RIC","","","","OPET","","","false","","","","","","","","","QZDRF8ZWSKBM","NA/Swaps Sgle Stk Tot Rtn","No name obtainable"
"1502050885","1499939448","TERM","ETRM","2025-05-05T08:53:40Z","","EQ","","N","","2025-05-02T16:56:51Z","2025-05-06","2026-11-18","","FALSE","BILT","","","","5","","EUR","","","","5","","","","SHAS","","","","","","","","","","","","","","","","","","","","","96.37537","ACCY","0","","","","","","false","EUR","1","3","","","","","A004","","MNTH","","1","","","","MNTH","","","","1","","","","","EUR","","","","false","","PERP.PA","","RIC","","","","OPET","","","false","","","","","","","","","QZDMBJ214JBS","NA/Swaps Sgle Stk Tot Rtn","ORD."
"1502050886","1498044804","MODI","TRAD","2025-05-05T08:53:56Z","true","EQ","","N","","2025-04-30T17:15:13Z","2025-05-05","2026-11-18","","FALSE","BILT","","","","14,000","","EUR","","","","730","","","","SHAS","","","","","","","","","","","","","","","","","","","","","19.302042556","ACCY","-0.0125","","","","","","false","EUR","1","3","","","","","A004","","MNTH","","1","","","","MNTH","","","","1","","","","","EUR","","","","false","","LAGA.PA","","RIC","","","","OPET","","","false","","","","","","","","","QZC4N4CLJ9B2","NA/Swaps Sgle Stk Tot Rtn","LAGARDERE"
"1502050887","1499935091","TERM","ETRM","2025-05-05T08:53:56Z","","EQ","","N","","2025-05-02T16:54:03Z","2025-05-06","2026-11-18","","FALSE","BILT","","","","5","","EUR","","","","5","","","","SHAS","","","","","","","","","","","","","","","","","","","","","21.14","ACCY","0","","","","","","false","EUR","1","3","","","","","A004","","MNTH","","1","","","","MNTH","","","","1","","","","","EUR","","","","false","","PFE.DE","","RIC","","","","OPET","","","false","","","","","","","","","QZQWD9BWBSSD","NA/Swaps Sgle Stk Tot Rtn","No name obtainable"
"1502050888","1499935323","TERM","ETRM","2025-05-05T08:53:56Z","","EQ","","N","","2025-05-02T16:56:45Z","2025-05-06","2026-11-18","","FALSE","BILT","","","","5","","EUR","","","","5","","","","SHAS","","","","","","","","","","","","","","","","","","","","","576.6","ACCY","0","","","","","","false","EUR","1","3","","","","","A004","","MNTH","","1","","","","MNTH","","","","1","","","","","EUR","","","","false","","MUVGn.DE","","RIC","","","","OPET","","","false","","","","","","","","","QZGPG1GQRWHG","NA/Swaps Sgle Stk Tot Rtn","Münchener Rückvers.-Ges. AGvink.Namens-Aktien o.N."
"1502050889","","NEWT","TRAD","2025-05-05T08:53:56Z","","EQ","","N","","2025-05-05T08:50:00Z","2025-05-06","2026-11-18","","FALSE","BILT","","","","25,000","","EUR","","","","1,200","","","","SHAS","","","","","","","","","","","","","","","","","","","","","20.746796","ACCY","0.003","","","","","","false","EUR","1","3","","","","","A004","","MNTH","","1","","","","MNTH","","","","1","","","","","EUR","","","","false","","PFE.DE","","RIC","","","","OPET","","","false","","","","","","","","","QZQWD9BWBSSD","NA/Swaps Sgle Stk Tot Rtn","No name obtainable"
"1502050890","1502050760","TERM","ETRM","2025-05-05T08:53:26Z","","EQ","","N","","2025-05-05T08:49:43Z","2025-05-06","2026-11-18","","FALSE","BILT","","","","5","","EUR","","","","5","","","","SHAS","","","","","","","","","","","","","","","","","","","","","32.31","ACCY","0","","","","","","false","EUR","1","3","","","","","A004","","MNTH","","1","","","","MNTH","","","","1","","","","","EUR","","","","false","","VIE.PA","","RIC","","","","OPET","","","false","","","","","","","","","QZ77CB9J23R1","NA/Swaps Sgle Stk Tot Rtn","ORD."
"1502050891","1499953435","TERM","ETRM","2025-05-05T08:53:51Z","","EQ","","N","","2025-05-02T16:53:03Z","2025-05-06","2026-11-18","","FALSE","BILT","","","","5","","EUR","","","","5","","","","SHAS","","","","","","","","","","","","","","","","","","","","","10.32212","ACCY","0","","","","","","false","EUR","1","3","","","","","A004","","MNTH","","1","","","","MNTH","","","","1","","","","","EUR","","","","false","","KOJAMO.HE","","RIC","","","","OPET","","","false","","","","","","","","","QZQCXTXXTLTW","NA/Swaps Sgle Stk Tot Rtn","No name obtainable"
"1502050892","","NEWT","TRAD","2025-05-05T08:53:26Z","","EQ","","N","","2025-05-05T08:49:43Z","2025-05-06","2026-11-18","","FALSE","BILT","","","","4,200","","EUR","","","","75","","","","SHAS","","","","","","","","","","","","","","","","","","","","","57.5344067675","ACCY","0.003","","","","","","false","EUR","1","3","","","","","A004","","MNTH","","1","","","","MNTH","","","","1","","","","","EUR","","","","false","","KWSG.DE","","RIC","","","","OPET","","","false","","","","","","","","","QZ5ZMJB87BMS","NA/Swaps Sgle Stk Tot Rtn","KWS SAAT SE & Co. KGaAInhaber-Aktien o.N."
"1502050893","1502029571","TERM","ETRM","2025-05-05T08:53:56Z","","EQ","","N","","2025-05-05T08:07:37Z","2025-05-06","2026-11-18","","FALSE","BILT","","","","5","","EUR","","","","5","","","","SHAS","","","","","","","","","","","","","","","","","","","","","215.8","ACCY","0","","","","","","false","EUR","1","3","","","","","A004","","MNTH","","1","","","","MNTH","","","","1","","","","","EUR","","","","false","","SCHN.PA","","RIC","","","","OPET","","","false","","","","","","","","","QZG5FLRFKWMX","NA/Swaps Sgle Stk Tot Rtn","No name obtainable"
"1502050894","1499929159","TERM","ETRM","2025-05-05T08:53:46Z","","EQ","","N","","2025-05-02T16:52:03Z","2025-05-06","2026-11-18","","FALSE","BILT","","","","5","","EUR","","","","5","","","","SHAS","","","","","","","","","","","","","","","","","","","","","3.76993","ACCY","0","","","","","","false","EUR","1","3","","","","","A004","","MNTH","","1","","","","MNTH","","","","1","","","","","EUR","","","","false","","NXFIL.AS","","RIC","","","","OPET","","","false","","","","","","","","","QZP3D55SQTCC","NA/Swaps Sgle Stk Tot Rtn","NX Filtration ordinary shares"
"1502050895","1499842898","MODI","TRAD","2025-05-05T08:53:40Z","true","EQ","","N","","2025-05-02T16:25:17Z","2025-05-06","2026-11-18","","FALSE","BILT","","","","1,000,000","","EUR","","","","13,000","","","","SHAS","","","","","","","","","","","","","","","","","","","","","75.7860759052","ACCY","0.002","","","","","","false","EUR","1","3","","","","","A004","","MNTH","","1","","","","MNTH","","","","1","","","","","EUR","","","","false","","NAFG.DE","","RIC","","","","OPET","","","false","","","","","","","","","QZXC5GGKQM23","NA/Swaps Sgle Stk Tot Rtn","Aurubis AGInhaber-Aktien o.N."
"1502050896","1502050869","TERM","ETRM","2025-05-05T08:53:09Z","","EQ","","N","","2025-05-05T08:49:35Z","2025-05-06","2026-11-18","","FALSE","BILT","","","","5","","EUR","","","","5","","","","SHAS","","","","","","","","","","","","","","","","","","","","","130.6","ACCY","0","","","","","","false","EUR","1","3","","","","","A004","","MNTH","","1","","","","MNTH","","","","1","","","","","EUR","","","","false","","RDC.DE","","RIC","","","","OPET","","","false","","","","","","","","","QZM15FJCL0BQ","NA/Swaps Sgle Stk Tot Rtn","SHOP APOTHEKE EUROPE"
"1502050907","1502049533","EROR","","2025-05-05T08:54:32Z","","EQ","","","","2025-05-05T08:54:32Z","2025-05-05","9999-12-31","","","","","","","","","","","","","","","","","","","","","","","","","","","","","","","","","","","","","","","","","","","","","","","","","","","","","","","","","","","","","","","","","","","","","","","","","","","","","","","","","","","","","","","","","","","","","","","","",""
"1502050908","","NEWT","TRAD","2025-05-05T08:54:32Z","","EQ","","N","","2025-05-05T08:54:32Z","2025-05-05","9999-12-31","","FALSE","XXXX","","","","710,000","","ZAR","","","","140","","","","SHAS","SHAS","","","","","","","","","","","","","","","","","","","","5,035.4801320311","ACCY","","","","","","","true","ZAR","1","","","","","","","","","","","","","","","","","","","","","","","ZAR","","","","false","","NPNJn.J","","RIC","","","","","","","false","","","","","","","","","QZTMNLZJ9XX6","NA/Swaps Sgle Stk Tot Rtn","Ordinary Share"
"1502050909","1502049981","MODI","TRAD","2025-05-05T08:50:50Z","true","EQ","","N","","2025-05-05T08:50:50Z","2025-05-06","2026-11-18","","FALSE","BILT","","","","230,000","","EUR","","","","6,100","","","","SHAS","","","","","","","","","","","","","","","","","","","","","37.5020748","ACCY","0.002","","","","","","false","EUR","1","3","","","","","A004","","MNTH","","1","","","","MNTH","","","","1","","","","","EUR","","","","false","","KGX.DE","","RIC","","","","OPET","","","false","","","","","","","","","QZFL35ZTDCFX","NA/Swaps Sgle Stk Tot Rtn","KION GROUP AGInhaber-Aktien o.N."
"1502050910","1499907815","TERM","ETRM","2025-05-05T08:53:09Z","","EQ","","N","","2025-05-02T16:45:55Z","2025-05-06","2026-11-18","","FALSE","BILT","","","","5","","EUR","","","","5","","","","SHAS","","","","","","","","","","","","","","","","","","","","","10.71503","ACCY","0","","","","","","false","EUR","1","3","","","","","A004","","MNTH","","1","","","","MNTH","","","","1","","","","","EUR","","","","false","","REP.MC","","RIC","","","","OPET","","","false","","","","","","","","","QZ7QHDRQG7ZN","NA/Swaps Sgle Stk Tot Rtn","REPSOL, S.A., ACCIONES POR DESDOBLAMIENTO -ANT. REPSOL YPF, S.A. -ANT. REPSOL, S.A."
"1502050911","1502050866","TERM","ETRM","2025-05-05T08:53:33Z","","EQ","","N","","2025-05-05T08:49:43Z","2025-05-06","2026-11-18","","FALSE","BILT","","","","5","","EUR","","","","5","","","","SHAS","","","","","","","","","","","","","","","","","","","","","2.31","ACCY","0","","","","","","false","EUR","1","3","","","","","A004","","MNTH","","1","","","","MNTH","","","","1","","","","","EUR","","","","false","","SNGGk.DE","","RIC","","","","OPET","","","false","","","","","","","","","QZDVM7G81369","NA/Swaps Sgle Stk Tot Rtn","Singulus Technologies AGInhaber-Aktien EO 1"
"1502050912","1499999370","MODI","TRAD","2025-05-05T08:53:46Z","true","EQ","","N","","2025-05-02T18:47:51Z","2025-05-06","2026-11-18","","FALSE","BILT","","","","14,000","","EUR","","","","335","","","","SHAS","","","","","","","","","","","","","","","","","","","","","41.4210156","ACCY","0.003","","","","","","false","EUR","1","3","","","","","A004","","MNTH","","1","","","","MNTH","","","","1","","","","","EUR","","","","false","","ISOS.PA","","RIC","","","","OPET","","","false","","","","","","","","","QZBPCN5NC009","NA/Swaps Sgle Stk Tot Rtn","ORD."
"1502050913","1499923099","MODI","TRAD","2025-05-05T08:53:26Z","true","EQ","","N","","2025-05-02T16:51:07Z","2025-05-06","2026-11-18","","FALSE","BILT","","","","1,000,000","","EUR","","","","29,000","","","","SHAS","","","","","","","","","","","","","","","","","","","","","34.6715926298","ACCY","0.003","","","","","","false","EUR","1","3","","","","","A004","","MNTH","","1","","","","MNTH","","","","1","","","","","EUR","","","","false","","PSHG_p.DE","","RIC","","","","OPET","","","false","","","","","","","","","QZBD16KCLXJD","NA/Swaps Sgle Stk Tot Rtn","Porsche Automobil Holding SEInhaber-Vorzugsaktien o.St.o.N"
"1502050914","1499910723","MODI","TRAD","2025-05-05T08:53:40Z","true","EQ","","N","","2025-05-02T16:46:42Z","2025-05-06","2026-11-18","","FALSE","BILT","","","","310,000","","EUR","","","","69,000","","","","SHAS","","","","","","","","","","","","","","","","","","","","","4.50670048","ACCY","0.001","","","","","","false","EUR","1","3","","","","","A004","","MNTH","","1","","","","MNTH","","","","1","","","","","EUR","","","","false","","TEF.MC","","RIC","","","","OPET","","","false","","","","","","","","","QZC02B4H33JG","NA/Swaps Sgle Stk Tot Rtn","TELEFONICA, S.A., ACCIONES POR DESDOBLAMIENTO"
"1502050915","1502050889","MODI","TRAD","2025-05-05T08:53:56Z","true","EQ","","N","","2025-05-05T08:50:00Z","2025-05-06","2026-11-18","","FALSE","BILT","","","","3,400","","EUR","","","","160","","","","SHAS","","","","","","","","","","","","","","","","","","","","","21.146427","ACCY","0.003","","","","","","false","EUR","1","3","","","","","A004","","MNTH","","1","","","","MNTH","","","","1","","","","","EUR","","","","false","","PFE.DE","","RIC","","","","OPET","","","false","","","","","","","","","QZQWD9BWBSSD","NA/Swaps Sgle Stk Tot Rtn","No name obtainable"
"1502050916","1471382343","MODI","TRAD","2025-05-05T08:51:15Z","true","EQ","","N","","2025-04-11T16:49:36Z","2025-04-15","2026-11-18","","FALSE","BILT","","","","77,000,000","","EUR","","","","630,000","","","","SHAS","","","","","","","","","","","","","","","","","","","","","125.052105","ACCY","0.003","","","","","","false","EUR","1","3","","","","","A004","","MNTH","","1","","","","MNTH","","","","1","","","","","EUR","","","","false","","SGEF.PA","","RIC","","","","OPET","","","false","","","","","","","","","QZK37SC82HXZ","NA/Swaps Sgle Stk Tot Rtn","ORD"
"1502050917","1499842898","MODI","TRAD","2025-05-05T08:53:40Z","true","EQ","","N","","2025-05-02T16:25:17Z","2025-05-06","2026-11-18","","FALSE","BILT","","","","1,000,000","","EUR","","","","13,000","","","","SHAS","","","","","","","","","","","","","","","","","","","","","75.8681","ACCY","0.002","","","","","","false","EUR","1","3","","","","","A004","","MNTH","","1","","","","MNTH","","","","1","","","","","EUR","","","","false","","NAFG.DE","","RIC","","","","OPET","","","false","","","","","","","","","QZXC5GGKQM23","NA/Swaps Sgle Stk Tot Rtn","Aurubis AGInhaber-Aktien o.N."
"1502050918","1502050892","TERM","ETRM","2025-05-05T08:53:26Z","","EQ","","N","","2025-05-05T08:49:43Z","2025-05-06","2026-11-18","","FALSE","BILT","","","","5","","EUR","","","","5","","","","SHAS","","","","","","","","","","","","","","","","","","","","","56.7","ACCY","0","","","","","","false","EUR","1","3","","","","","A004","","MNTH","","1","","","","MNTH","","","","1","","","","","EUR","","","","false","","KWSG.DE","","RIC","","","","OPET","","","false","","","","","","","","","QZ5ZMJB87BMS","NA/Swaps Sgle Stk Tot Rtn","KWS SAAT SE & Co. KGaAInhaber-Aktien o.N."
"1502050919","1502050874","TERM","ETRM","2025-05-05T08:53:51Z","","EQ","","N","","2025-05-05T08:49:57Z","2025-05-06","2026-11-18","","FALSE","BILT","","","","5","","EUR","","","","5","","","","SHAS","","","","","","","","","","","","","","","","","","","","","12.08042","ACCY","0","","","","","","false","EUR","1","3","","","","","A004","","MNTH","","1","","","","MNTH","","","","1","","","","","EUR","","","","false","","OVH.PA","","RIC","","","","OPET","","","false","","","","","","","","","QZLSTW6SBPML","NA/Swaps Sgle Stk Tot Rtn","No name obtainable"
"1502050920","1499910724","MODI","TRAD","2025-05-05T08:53:14Z","true","EQ","","N","","2025-05-02T16:46:11Z","2025-05-06","2026-11-18","","FALSE","BILT","","","","255","","EUR","","","","255","","","","SHAS","","","","","","","","","","","","","","","","","","","","","1.00806","ACCY","0.003","","","","","","false","EUR","1","3","","","","","A004","","MNTH","","1","","","","MNTH","","","","1","","","","","EUR","","","","false","","SEQUA.BR","","RIC","","","","OPET","","","false","","","","","","","","","QZWG2T3M6XPH","NA/Swaps Sgle Stk Tot Rtn","Shs"
"1502050921","1499923781","MODI","TRAD","2025-05-05T08:53:56Z","true","EQ","","N","","2025-05-02T16:51:00Z","2025-05-06","2026-11-18","","FALSE","BILT","","","","620,000","","EUR","","","","27,000","","","","SHAS","","","","","","","","","","","","","","","","","","","","","22.6420704","ACCY","0.003","","","","","","false","EUR","1","3","","","","","A004","","MNTH","","1","","","","MNTH","","","","1","","","","","EUR","","","","false","","PHG.AS","","RIC","","","","OPET","","","false","","","","","","","","","QZX4FV0TFVHS","NA/Swaps Sgle Stk Tot Rtn","PHILIPS KON"
"1502050927","1499935063","TERM","ETRM","2025-05-05T08:53:40Z","","EQ","","N","","2025-05-02T16:46:47Z","2025-05-06","2026-11-18","","FALSE","BILT","","","","5","","EUR","","","","5","","","","SHAS","","","","","","","","","","","","","","","","","","","","","26.05","ACCY","0","","","","","","false","EUR","1","3","","","","","A004","","MNTH","","1","","","","MNTH","","","","1","","","","","EUR","","","","false","","TESB.BR","","RIC","","","","OPET","","","false","","","","","","","","","QZ7MGLPVKP5C","NA/Swaps Sgle Stk Tot Rtn","Act"
"1502050928","1499953132","TERM","ETRM","2025-05-05T08:53:33Z","","EQ","","N","","2025-05-02T16:52:27Z","2025-05-06","2026-11-18","","FALSE","BILT","","","","5","","EUR","","","","5","","","","SHAS","","","","","","","","","","","","","","","","","","","","","74.40897","ACCY","0","","","","","","false","EUR","1","3","","","","","A004","","MNTH","","1","","","","MNTH","","","","1","","","","","EUR","","","","false","","VETO.PA","","RIC","","","","OPET","","","false","","","","","","","","","QZ0JJJ735B3F","NA/Swaps Sgle Stk Tot Rtn","ORD"

